TxType,Timestamp,TxHash,Block,From,To,Value,Gas,GasPrice,Status,TokenName,TokenSymbol,TokenDecimal,ContractAddress,InternalType
ETH,2025-07-19 19:53:59,0x10e7b39c7eb64399914d51b906df8972e8e23bb5dcc647cd4430628995e0eeba,22955458,0x0002b44ddb1476db43c868bd494422ee4c136fed,0xde0a6e7cc4d91a1d1afda677558c667ab9f29541,0.0,69927,0.660354779,Success,,,,,
ETH,2025-07-17 19:18:59,0xa5232e3a042182f85d15431fdfa8459bea51d29fa3bf1d595243d1a9e26b7388,22940971,0x0002b44ddb1476db43c868bd494422ee4c136fed,0xde0a6e7cc4d91a1d1afda677558c667ab9f29541,0.0,193861,11.175667837,Success,,,,,
ETH,2025-07-17 19:13:59,0x5a1094c4dbdcb298fb8eb5221c0719f2a8b14fb0922b6ceb55304f782a7e48c8,22940946,0x0002b44ddb1476db43c868bd494422ee4c136fed,0xde0a6e7cc4d91a1d1afda677558c667ab9f29541,0.0,178471,9.857138321,Success,,,,,
ETH,2025-06-02 22:35:11,0xe7cc1ed2dacf9df93edbc27883a2ffab6c94d034127715a6258495c25ed83684,22619994,0x7f67691c0fa071f61817c66e63bea566ae01c28d,0x0002b44ddb1476db43c868bd494422ee4c136fed,0.0,21000,2.058549427,Success,,,,,
ETH,2025-06-02 08:59:35,0x7797f408def87469738d6e6dfbdd146efee6331e4cec522bdb1ad3baf3062e57,22615963,0x7f674bc307507fdd2d76b703d8d29fd152fbc28d,0x0002b44ddb1476db43c868bd494422ee4c136fed,1e-10,21050,2.042058748,Success,,,,,
ETH,2025-06-02 08:57:35,0x94b3ba356d31d6069c92ee0d0a26e8b22fae75e20de91581d2a269e1754a929d,22615953,0x0002b44ddb1476db43c868bd494422ee4c136fed,0x7f6744f5bb65d9fd012e79f8f45a5e61179fc28d,3.06,21000,2.18138832,Success,,,,,
ETH,2025-04-28 06:20:59,0x1e9ed9dcfa348954edfdef6524b20243a7305a9f5c2feddb1ec13c0f330dbb59,22365736,0x0002b44ddb1476db43c868bd494422ee4c136fed,0x7f6744f5bb65d9fd012e79f8f45a5e61179fc28d,3.7,21000,0.473385983,Success,,,,,
ETH,2025-04-09 12:37:47,0xeaa320abb173d45c8363ca432d0b1186a86e718b713dd7748a77de062468141c,22231394,0x0002b44ddb1476db43c868bd494422ee4c136fed,0xde0a6e7cc4d91a1d1afda677558c667ab9f29541,0.0,431444,0.960766089,Success,,,,,
ETH,2025-04-09 12:34:11,0xfc21dfdb1b31795aadd1017c9bc9f8a20ff02b1a445cdc2ad11dd39e7894f348,22231376,0x0002b44ddb1476db43c868bd494422ee4c136fed,0xde0a6e7cc4d91a1d1afda677558c667ab9f29541,0.0,287547,1.089709769,Success,,,,,
ETH,2025-03-17 14:05:11,0x0c31895c188a4c79292c73852673e1caefec9b04b61fa9768aae60dc146782ac,22067092,0x0002b44ddb1476db43c868bd494422ee4c136fed,0xa0b86991c6218b36c1d19d4a2e9eb0ce3606eb48,0.0,94584,1.136234994,Success,,,,,
ETH,2025-03-17 14:03:23,0xb1c77d56ac19fa7773e16d1f64c1f1a278862e516a446e07b41ecca10b9f532e,22067083,0x0002b44ddb1476db43c868bd494422ee4c136fed,0x111111125421ca6dc452d289314280a0f8842a65,0.0,801181,0.667484044,Success,,,,,
ETH,2024-12-27 15:08:23,0xdcbc7729c3b51ac0a44692204f39148c9ce34bd79f04d29ec1142a1136035a90,21494593,0x0002b44ddb1476db43c868bd494422ee4c136fed,0x1f9840a85d5af5bf1d1762f925bdaddc4201f984,0.0,86130,14.058929838,Success,,,,,
ETH,2024-11-15 06:22:35,0xabf6fe4f06f5d82fce9e4af1db97698ba82a7992d4a8078a265b2962d57bbd8f,21191277,0x0002b44ddb1476db43c868bd494422ee4c136fed,0xec4b945380cdffaf79a938a65ff9a8b20c89ea1b,0.025,21000,15.597810394,Success,,,,,
ETH,2024-09-05 07:05:59,0x3ce7b3f07bcd98b60b865b49cf256313b6d4dabb5e2c1a7034043913fa7668fc,20682783,0x0002b44ddb1476db43c868bd494422ee4c136fed,0xde0a6e7cc4d91a1d1afda677558c667ab9f29541,0.0,210961,2.663087965,Success,,,,,
ETH,2024-08-21 13:14:11,0x598301713f6e1c4e1068de02805f191843758d65b5f835816699ba7333fa4800,20577226,0x0002b44ddb1476db43c868bd494422ee4c136fed,0x4976fb03c32e5b8cfe2b6ccb31c09ba78ebaba41,0.0,60111,1.132105855,Success,,,,,
ETH,2024-04-05 12:29:11,0x7ba37548a7a244d19f3ce44e4b3f1d20940bc861fb93c1614452f7726d2e593a,19589542,0x0002b44ddb1476db43c868bd494422ee4c136fed,0xde0a6e7cc4d91a1d1afda677558c667ab9f29541,0.0,243029,22.2536775,Success,,,,,
ETH,2023-10-19 10:15:47,0xd76265d2ac1c2dadd070564a420daeebfb414a8340cb938fe264bdb57839c887,18383719,0x0002b44ddb1476db43c868bd494422ee4c136fed,0x231b0ee14048e9dccd1d247744d114a4eb5e8e63,0.0,60881,7.651665,Success,,,,,
ETH,2023-10-19 10:13:11,0xbe016d6e1c2a00d2bd1afc064c77ffbe8436deb72ef011217932fc4a2521fbaf,18383706,0x0002b44ddb1476db43c868bd494422ee4c136fed,0x00000000000c2e074ec69a0dfb2997ba6c7d2e1e,0.0,74380,7.756546419,Success,,,,,
ETH,2023-09-09 11:24:11,0x4f06d9b07245fa395dc66f028b2cbe9927cd1a2d7f516a2ed65fb7fd74061bf4,18098514,0x0002b44ddb1476db43c868bd494422ee4c136fed,0x080f08076e8eadc66006c3cbfed28a34918a1fa6,0.1,21000,10.030580459,Success,,,,,
ETH,2023-09-09 11:22:11,0x64931f16de9e519f95e6f7aeeebc7848408858ce38be500c32a9db3c32fdcf93,18098504,0x0002b44ddb1476db43c868bd494422ee4c136fed,0x3fc91a3afd70395cd496c647d5a6cc9d4b2b7fad,0.0,227301,9.872085636,Success,,,,,
ETH,2023-09-09 11:21:35,0x50c659d004c9b13aca3a0527b2b72173109d77945ed5307c21b64ebe96e2997f,18098501,0x0002b44ddb1476db43c868bd494422ee4c136fed,0x4fbb350052bca5417566f188eb2ebce5b19bc964,0.0,46360,10.255158571,Success,,,,,
ETH,2023-09-09 05:11:47,0x8b391fc3a9f8d0e2c61e52971e56329b8117d262ada6069e1b5551da36d86191,18096672,0x0002b44ddb1476db43c868bd494422ee4c136fed,0x080f08076e8eadc66006c3cbfed28a34918a1fa6,0.03,21000,8.843888907,Success,,,,,
ETH,2023-08-13 09:12:59,0xb7815ff003bfee7cf99f007680b02ab44a552be8048d0315f116c0654edc6169,17904968,0x0002b44ddb1476db43c868bd494422ee4c136fed,0x080f08076e8eadc66006c3cbfed28a34918a1fa6,0.051,21000,11.543052392,Success,,,,,
ETH,2023-07-27 20:56:35,0xde36d9a3901a9b680cce9cbd20bbbe07e0f829ac5c8a08ad0f74dc721787a303,17786928,0x0002b44ddb1476db43c868bd494422ee4c136fed,0xde0a6e7cc4d91a1d1afda677558c667ab9f29541,0.0,310424,25.22828422,Success,,,,,
ETH,2023-06-06 14:33:47,0x0d2e17ea16ec915de35b6c9dc4bdfeedbac9e3d5e02ec025806e25e3ff6c5dc5,17422024,0x0002b44ddb1476db43c868bd494422ee4c136fed,0x4fbb350052bca5417566f188eb2ebce5b19bc964,0.0,77754,30.875174736,Success,,,,,
ETH,2023-06-06 14:31:59,0x28da5fe5f350921fbe9f7a163f41eb192e465fa4296a8aefd07388c4c40be8db,17422015,0x0002b44ddb1476db43c868bd494422ee4c136fed,0x0ef836d363d2c65a3cea10912235e69fb4d3f625,0.11,21000,31.295265475,Success,,,,,
ETH,2023-02-11 08:53:47,0x0e048fabffe9bf2afbb56f0ddc4b516a33e0e439160b7bde038f6bb786e7dd1d,16604452,0x0002b44ddb1476db43c868bd494422ee4c136fed,0x080f08076e8eadc66006c3cbfed28a34918a1fa6,0.02,21000,15.221441503,Success,,,,,
ETH,2023-02-10 19:24:47,0x5bf39fdcc8baada94455fa17193271feba0655e4ce64529fb6647c7d19a6fab7,16600428,0x0002b44ddb1476db43c868bd494422ee4c136fed,0x080f08076e8eadc66006c3cbfed28a34918a1fa6,0.08,21000,20.3,Success,,,,,
ETH,2022-12-07 09:11:35,0x91a6d75b39096b8d93724d6de37078f139d1a4cbeeac3888b22dc0612a3e3015,16131858,0x0002b44ddb1476db43c868bd494422ee4c136fed,0xc4448b71118c9071bcb9734a0eac55d18a153949,0.02,92227,13.173145881,Success,,,,,
ETH,2022-12-07 09:10:59,0xca68784133d2745e1b10397457afa09947d71e2aa620281ab31ccf752e5c01e8,16131855,0x0002b44ddb1476db43c868bd494422ee4c136fed,0x4dbd4fc535ac27206064b68ffcf827b0a60bab3f,0.02,92151,12.961494709,Success,,,,,
ETH,2022-10-27 10:19:47,0xf711b836df7eed38ad25aa37a119324b5e2770bb3c661dbc97c5e23e08c8a3ab,15838776,0x0002b44ddb1476db43c868bd494422ee4c136fed,0xde0a6e7cc4d91a1d1afda677558c667ab9f29541,0.0,198734,14.687175543,Success,,,,,
ETH,2022-10-16 16:55:35,0xb04c5a5f0513589ad8a9b7f583156736e9199ace10eb93e65566f371bd576ece,15762004,0x0002b44ddb1476db43c868bd494422ee4c136fed,0x4fbb350052bca5417566f188eb2ebce5b19bc964,0.0,77754,13.086458104,Success,,,,,
ETH,2022-09-28 11:56:59,0x0eac6ffa2d2117704237af5b4e0047ce4b20c7836a7f8a8a17fed8a8549660ce,15631681,0x0002b44ddb1476db43c868bd494422ee4c136fed,0xde0a6e7cc4d91a1d1afda677558c667ab9f29541,0.0,274229,8.7,Success,,,,,
ETH,2022-07-28 07:07:21,0x7ea9ee2ea36f1fcb51371095b7984dc96a4cceac57db3c55666697b2e07695b2,15229577,0x0002b44ddb1476db43c868bd494422ee4c136fed,0xe974b2da9ceab7d39052bee42e615d1da73651ab,0.0,89457,7.0,Success,,,,,
ETH,2022-07-28 07:07:21,0xa1113740389f8a133a73e662de920e4c20f36bcefacb3295497e423235d098a1,15229577,0x0002b44ddb1476db43c868bd494422ee4c136fed,0xa7dff6f1078e5b3e7e2274be81f561696eb6187c,0.0,89457,7.0,Success,,,,,
ETH,2022-07-28 07:03:03,0xe9666ae7577a2442580084ed34e93a0ba98fa4a5c8ced02a7e1b87f1a6c34094,15229550,0x0002b44ddb1476db43c868bd494422ee4c136fed,0x122fefeda080371f2f44de2bc92c9b4997ef9a2d,0.0,89475,7.0,Success,,,,,
ETH,2022-07-28 07:03:03,0x56f6e0e11b9a8e5c7dfcf33a1c9320739ffe818cca865457922287469d91cc61,15229550,0x0002b44ddb1476db43c868bd494422ee4c136fed,0x33d0af0ad2f5a0cceb7fb14d978519eabe90de17,0.0,89457,7.0,Success,,,,,
ETH,2022-07-28 06:58:43,0x8a7c9fa7fe1f0b036fc497ddb3796fce801fc21a9d01e0302e4624505594178e,15229527,0x0002b44ddb1476db43c868bd494422ee4c136fed,0x69bb24cfee787e9cfe33890e94931b51d6b5ec10,0.0,89475,7.0,Success,,,,,
ETH,2022-06-13 08:10:32,0x5fe699fd7fb0ea9cc900bc0d65ecd14e84f1294e58f65ea683597c6132d92865,14954936,0x0002b44ddb1476db43c868bd494422ee4c136fed,0xc18360217d8f7ab5e7c516566761ea12ce7f9d72,0.0,136033,69.83063104,Success,,,,,
ETH,2022-03-29 07:41:42,0x8b46a2b2b42a6280cec1ae1082ca7b290f1cf3932e343b757de7e795ac1ad996,14479830,0x0002b44ddb1476db43c868bd494422ee4c136fed,0x0baba1ad5be3a5c0a66e7ac838a129bf948f1ea4,0.0,172863,29.296936738,Success,,,,,
ETH,2022-03-29 07:41:25,0x48dbcfd04d833ac87b5df159c0c4c48166780924f007ffb7ef3919ee400b01b7,14479829,0x0002b44ddb1476db43c868bd494422ee4c136fed,0x1f9840a85d5af5bf1d1762f925bdaddc4201f984,0.0,172863,28.54928563,Success,,,,,
ETH,2022-03-05 09:46:10,0x8bb2ea4f41dcf5272a2db5d756be3553d340c3d6fbcf6be226a05cd57711a021,14326128,0x0002b44ddb1476db43c868bd494422ee4c136fed,0x0baba1ad5be3a5c0a66e7ac838a129bf948f1ea4,0.0,220000,20.074330546,Success,,,,,
ETH,2022-03-05 09:46:10,0xdeb10710cd189558407218406aaf3fc723d7baba286b6c68bc380ca0187f0439,14326128,0x0002b44ddb1476db43c868bd494422ee4c136fed,0xc18360217d8f7ab5e7c516566761ea12ce7f9d72,0.0,220000,20.074330546,Success,,,,,
ETH,2022-03-05 09:41:06,0xe8f500231ccb8bf59914b0c84da031813ac4ffef40fdec353fe32ab11a0f81f6,14326104,0x0002b44ddb1476db43c868bd494422ee4c136fed,0x0baba1ad5be3a5c0a66e7ac838a129bf948f1ea4,0.1,110000,22.628685717,Success,,,,,
ETH,2022-03-05 09:14:23,0xf32bf4af22ad5fb79e83b0819fc3806590114478a681837ccf4a084b61619259,14325992,0x0002b44ddb1476db43c868bd494422ee4c136fed,0x7e92dbf1be21bffa36f38ad59325c797c2c68f3e,0.0,40516,19.868414637,Success,,,,,
ETH,2022-03-05 09:03:15,0x6d219ad0e8cafa2a851f040f98e34ece4d6595e78df19a4384da674e9d1f1e15,14325940,0x0002b44ddb1476db43c868bd494422ee4c136fed,0xde0a6e7cc4d91a1d1afda677558c667ab9f29541,0.0,86987,19.306108967,Success,,,,,
ETH,2022-03-02 09:56:02,0xd6e494e577d0f163cced82cdaebbf3adb2cb89040f64395a17c8c641ab1bb645,14306885,0x0002b44ddb1476db43c868bd494422ee4c136fed,0xec67005c4e498ec7f55e092bd1d35cbc47c91892,0.0,65250,29.605928481,Success,,,,,
ETH,2022-03-01 08:55:22,0x64b8a72e742694bed3043831031622ac87c5e07a97e99f72f1625f63c70b93ae,14300136,0x0002b44ddb1476db43c868bd494422ee4c136fed,0x165cd37b4c644c2921454429e7f9358d18a45e14,0.1,21000,45.151704601,Success,,,,,
ETH,2021-12-20 13:07:19,0x14ccbab66a094033da43f99393e3ce1ff5015c0082bfbe10c84a0260fa8f9594,13842193,0x0002b44ddb1476db43c868bd494422ee4c136fed,0xdef1c0ded9bec7f1a1670819833240f027b25eff,0.0,139827,34.902699031,Success,,,,,
ETH,2021-12-20 13:04:45,0x498d4ea379f85f5ddede1c17746b02e5d36faf36777df75bad727ab4764082f5,13842179,0x0002b44ddb1476db43c868bd494422ee4c136fed,0xc770eefad204b5180df6a14ee197d99d808ee52d,0.0,46507,37.8805275,Success,,,,,
ETH,2021-12-10 11:27:14,0xd00597fc50972d6f95237638daf688d19951d71d4e9dedfba1a23a4c225a2a5e,13777111,0x0002b44ddb1476db43c868bd494422ee4c136fed,0x4976fb03c32e5b8cfe2b6ccb31c09ba78ebaba41,0.0,44450,59.10382545,Success,,,,,
ETH,2021-11-09 09:56:12,0xbd393d6b7924b6fd0b3fa48f6957c8fdcb36dbaeff99044cb0d9100cb6675856,13581496,0x0002b44ddb1476db43c868bd494422ee4c136fed,0xc18360217d8f7ab5e7c516566761ea12ce7f9d72,0.0,170566,109.266015362,Success,,,,,
ETH,2021-09-22 09:51:37,0xcd9db55f6ebe6139197818f9bc907f421d3dfb871a256905ac665c8680c46e86,13274886,0x0002b44ddb1476db43c868bd494422ee4c136fed,0xde0a6e7cc4d91a1d1afda677558c667ab9f29541,0.0,487357,36.661185868,Success,,,,,
ETH,2021-09-22 09:42:29,0x8d83aeece0a6a2da7f505550305f193603ec2c21a7b234b782af139ebd81228f,13274847,0x0002b44ddb1476db43c868bd494422ee4c136fed,0xde0a6e7cc4d91a1d1afda677558c667ab9f29541,0.0,510832,41.706957229,Success,,,,,
ETH,2021-09-22 09:39:50,0xe6c68619c7586dbf14424b4df865da9cc01fafeefc8e7e96761ab3a19ee78e48,13274838,0x0002b44ddb1476db43c868bd494422ee4c136fed,0xde0a6e7cc4d91a1d1afda677558c667ab9f29541,0.0,140599,35.56205942,Success,,,,,
ETH,2021-09-22 09:24:27,0xd209d26dc30636d8b28e64d4445469968c627a9b00c285c0f0ca02073ef9c1f7,13274762,0xcee78dd3729fcb6a13d7bb66b737800f458fa464,0x0002b44ddb1476db43c868bd494422ee4c136fed,0.026448537429008368,21000,45.168706184,Success,,,,,
ETH,2021-09-22 09:19:36,0xad614b0c92def135efce30b899a4600ac99cf14c86660206905c607e147defbb,13274741,0x0002b44ddb1476db43c868bd494422ee4c136fed,0xcee78dd3729fcb6a13d7bb66b737800f458fa464,0.03,21000,40.116816722,Success,,,,,
ETH,2021-09-22 08:28:44,0x29bf26c87a476896e25be367101ec9f4cc9e5ef54b2ff747f16df69a87bf521c,13274505,0x0002b44ddb1476db43c868bd494422ee4c136fed,0xa6b71e26c5e0845f74c812102ca7114b6a896ab2,0.0,619982,44.810659416,Success,,,,,
ETH,2021-08-08 11:20:42,0xd9769ab5b87773c04df57b87015d8550c1e348610936a6de364a78f8e1ac5107,12984132,0x0002b44ddb1476db43c868bd494422ee4c136fed,0x4c20cdadbcae364edc03e2b90f09eb97d08ce3c8,0.0,106382,24.1,Success,,,,,
ETH,2021-04-30 06:24:42,0x251ec83ac2c48a4d16f251a0e9207e41f8d529147685e0a144da7677971f108a,12340210,0x0002b44ddb1476db43c868bd494422ee4c136fed,0x283af0b28c62c092c9727f1ee09c02ca627eb7f5,0.019854154038521157,116002,39.000001459,Success,,,,,
ETH,2021-04-30 06:22:27,0x0ba60ab9dfd74715a9fc5b8397dc7fa66a29a9c34cd48e3e137d8f9e21128eed,12340201,0x0002b44ddb1476db43c868bd494422ee4c136fed,0x283af0b28c62c092c9727f1ee09c02ca627eb7f5,0.019854154038521157,115002,41.000001459,Success,,,,,
ETH,2021-04-30 06:18:13,0x0616a6b287bc5fdb0be7f48855baddd5720bf35971a82a6e98d3e5c7ae0336ae,12340182,0x0002b44ddb1476db43c868bd494422ee4c136fed,0x7a250d5630b4cf539739df2c5dacb4c659f2488d,0.0,157639,39.000001459,Success,,,,,
ETH,2021-04-30 06:16:17,0x022889e53bf4720b525f22748dcc42d2107b2bb3165fb5dec7a92245b022fb65,12340174,0x0002b44ddb1476db43c868bd494422ee4c136fed,0x1f9840a85d5af5bf1d1762f925bdaddc4201f984,0.0,51751,37.000001459,Success,,,,,
ETH,2020-09-26 11:44:32,0x9fc3d4cb1660c8f1dc5c2bc9e80fbedbde00f11c510aff8dc48a049da7a80407,10938051,0x0002b44ddb1476db43c868bd494422ee4c136fed,0x090d4613473dee047c3f2706764f49e0821d256e,0.0,89981,53.000001459,Success,,,,,
ETH,2020-04-07 10:51:03,0x3c657dfc03b5adab2b65d468864a743855f10a7fd49ccce11e289128ca0e567e,9824548,0x0002b44ddb1476db43c868bd494422ee4c136fed,0x00000000000c2e074ec69a0dfb2997ba6c7d2e1e,0.0,30703,5.5,Success,,,,,
ETH,2020-04-07 10:51:03,0x198e62f3484b2d2bdd3d03e8c47451deecce94bbf41f45d9e44c78e1d94c8cf6,9824548,0x0002b44ddb1476db43c868bd494422ee4c136fed,0x4976fb03c32e5b8cfe2b6ccb31c09ba78ebaba41,0.0,94561,5.5,Success,,,,,
ETH,2020-04-07 10:50:17,0x1d2e1e504409e4c87cd0b8fbd1c307a1103629eba61b652455ff78b88f318469,9824542,0x0002b44ddb1476db43c868bd494422ee4c136fed,0x00000000000c2e074ec69a0dfb2997ba6c7d2e1e,0.0,30703,5.5,Success,,,,,
ETH,2020-04-07 10:50:10,0x3158bfb2a3a413b00d3148c36da76f1912cd4197ac2a33d7fbe3ae7465d4a282,9824541,0x0002b44ddb1476db43c868bd494422ee4c136fed,0x4976fb03c32e5b8cfe2b6ccb31c09ba78ebaba41,0.0,94561,5.5,Success,,,,,
ETH,2020-04-07 10:50:10,0xfe3c4ac921c27ff22acda214fad4c540a713dcc672dad88e63e1cb87c85d1b3b,9824541,0x0002b44ddb1476db43c868bd494422ee4c136fed,0x00000000000c2e074ec69a0dfb2997ba6c7d2e1e,0.0,30715,5.5,Success,,,,,
ETH,2020-04-07 10:50:10,0x44298e2b43719d5d5f6ce31b4777b8b94ba6a090b21e25b25563bacff23382b5,9824541,0x0002b44ddb1476db43c868bd494422ee4c136fed,0x4976fb03c32e5b8cfe2b6ccb31c09ba78ebaba41,0.0,96424,5.5,Success,,,,,
ETH,2020-04-07 10:49:55,0x01a5e67d1500f7f0842e1f5e0adeb9cc5f2af1c66a204bd65aa7382de0243a09,9824540,0x0002b44ddb1476db43c868bd494422ee4c136fed,0x00000000000c2e074ec69a0dfb2997ba6c7d2e1e,0.0,30715,5.5,Success,,,,,
ETH,2020-04-07 10:49:55,0x621dad1aac381cc718506038f3fef1f9fa9f9452cc2c444b681446d3e668ee04,9824540,0x0002b44ddb1476db43c868bd494422ee4c136fed,0x4976fb03c32e5b8cfe2b6ccb31c09ba78ebaba41,0.0,94621,5.5,Success,,,,,
ETH,2020-04-07 10:47:47,0xe4de59e0c650476fcf02d1ba4a4e11bd2c6f795e861ce0d36471d353aae9d2d2,9824534,0x0002b44ddb1476db43c868bd494422ee4c136fed,0x00000000000c2e074ec69a0dfb2997ba6c7d2e1e,0.0,30715,5.5,Success,,,,,
ETH,2020-04-07 10:46:11,0x9b56f9de64aecec809f2e920ac4139b69a499482f2bd41b80d7e92798f0a90ca,9824530,0x0002b44ddb1476db43c868bd494422ee4c136fed,0x4976fb03c32e5b8cfe2b6ccb31c09ba78ebaba41,0.0,94621,5.5,Success,,,,,
ETH,2020-04-07 10:45:25,0xd4d0b52f7df5f3f1e803f298197bb557c97be9018ce7749c0328941893757e0e,9824527,0x0002b44ddb1476db43c868bd494422ee4c136fed,0x00000000000c2e074ec69a0dfb2997ba6c7d2e1e,0.0,71880,5.5,Success,,,,,
ETH,2020-04-07 10:45:25,0x243d39e5ddabdceb396b65921db04d324dc24224b9d6f3b6975634d130d6d455,9824527,0x0002b44ddb1476db43c868bd494422ee4c136fed,0x00000000000c2e074ec69a0dfb2997ba6c7d2e1e,0.0,71880,5.5,Success,,,,,
ETH,2020-04-07 10:44:34,0x0f4bcfa56bf8ff185d9d1a8579b4a399d68bdca3422e8e75ab61dee56f81b8af,9824521,0x0002b44ddb1476db43c868bd494422ee4c136fed,0x00000000000c2e074ec69a0dfb2997ba6c7d2e1e,0.0,71880,7.5,Success,,,,,
ETH,2020-04-07 10:44:05,0xb115c9ab357e7a423aaf13f25ce5c928d38f809b714fe50e3643c2a33dc839b6,9824518,0x0002b44ddb1476db43c868bd494422ee4c136fed,0x00000000000c2e074ec69a0dfb2997ba6c7d2e1e,0.0,71880,7.5,Success,,,,,
ETH,2020-04-07 10:42:31,0x1d4d9b363ee23225ed19a8a2d7ab503e9a39b6597058ec045ce77ecda25be984,9824505,0x0002b44ddb1476db43c868bd494422ee4c136fed,0x00000000000c2e074ec69a0dfb2997ba6c7d2e1e,0.0,71868,7.5,Success,,,,,
ETH,2020-04-07 09:39:37,0x1e65eca424e938f8be291a34035f46d69f5026ed12889455dcc9113a815a37ef,9824223,0x0002b44ddb1476db43c868bd494422ee4c136fed,0x283af0b28c62c092c9727f1ee09c02ca627eb7f5,0.02895859885871108,63428,7.5,Success,,,,,
ETH,2020-04-07 09:37:05,0x246cdcb84d09fac3be055041d1609f7c6529e0e641dc4851ad871bc8cc2292e0,9824210,0x0002b44ddb1476db43c868bd494422ee4c136fed,0x283af0b28c62c092c9727f1ee09c02ca627eb7f5,0.02895859885871108,64428,7.5,Success,,,,,
ETH,2020-04-07 09:33:14,0x5928f1636fb621355e438d80c14950c62eefb6be23781801277335bbf60b0fe4,9824190,0x0002b44ddb1476db43c868bd494422ee4c136fed,0xaa5bbd5a177a588b9f213505ca3740b444dbd586,0.0,362868,7.5,Success,,,,,
ETH,2020-04-07 09:31:42,0x9f2a345f947dc4d003ac2684530d9b54565fccb6bfda27ef4eaccc5cf90d53fe,9824179,0x0002b44ddb1476db43c868bd494422ee4c136fed,0x4fbb350052bca5417566f188eb2ebce5b19bc964,0.0,66084,7.5,Success,,,,,
ETH,2020-04-07 09:25:26,0xab854293aad5f816ae5fe263b7fc0f5cbb9cb784adfa8e4898466c1bb6ec996b,9824153,0x0002b44ddb1476db43c868bd494422ee4c136fed,0x00000000000c2e074ec69a0dfb2997ba6c7d2e1e,0.0,30715,7.5,Success,,,,,
ETH,2020-04-07 09:22:30,0xdff464cc4166af10bfcdf81daaab8cc57eb8728f658b4288b5e799ac9cff0270,9824143,0x0002b44ddb1476db43c868bd494422ee4c136fed,0x00000000000c2e074ec69a0dfb2997ba6c7d2e1e,0.0,30715,6.5,Success,,,,,
ETH,2020-04-07 09:22:30,0xc49da25f06661cb1447c70133970baad0db7572a89440c4ad33b990550e60ac7,9824143,0x0002b44ddb1476db43c868bd494422ee4c136fed,0x4976fb03c32e5b8cfe2b6ccb31c09ba78ebaba41,0.0,96424,6.5,Success,,,,,
ETH,2020-02-22 15:19:16,0x64354d4519482c1a1f695b1c9e7160c83a6df75d8e0cacdda27bec1f351e3914,9533896,0x0002b44ddb1476db43c868bd494422ee4c136fed,0x33d0af0ad2f5a0cceb7fb14d978519eabe90de17,0.0,240136,1.2,Success,,,,,
ETH,2020-02-22 15:19:16,0x04078417364457baac6118e41fd8ceb821fd5f33f3b21337180404745a80b88f,9533896,0x0002b44ddb1476db43c868bd494422ee4c136fed,0xe974b2da9ceab7d39052bee42e615d1da73651ab,0.0,240136,1.2,Success,,,,,
ETH,2020-02-22 15:17:48,0x9eda2f7e1afdc712a6bc60b8159127e32a78d56d27bb99e25f312bf22cee2082,9533889,0x0002b44ddb1476db43c868bd494422ee4c136fed,0xa7dff6f1078e5b3e7e2274be81f561696eb6187c,0.0,240136,1.2,Success,,,,,
ETH,2020-02-22 15:16:01,0x1e9e97164ae4526dfb2d210861ed87bc2308ecc6e6016b0044a2f355616205a7,9533880,0x0002b44ddb1476db43c868bd494422ee4c136fed,0x4fbb350052bca5417566f188eb2ebce5b19bc964,0.0,66030,1.2,Success,,,,,
ETH,2020-02-22 15:16:01,0x58a3ecd40fdde72c0317734b1bff89336f88fda120247b43a4b313a70507d1ea,9533880,0x0002b44ddb1476db43c868bd494422ee4c136fed,0x4fbb350052bca5417566f188eb2ebce5b19bc964,0.0,66030,1.2,Success,,,,,
ETH,2020-02-22 15:16:01,0x7a986971736bf7be729d6a6699233cf61d67ee1077a8aefa1f7bc4d23dfbaa56,9533880,0x0002b44ddb1476db43c868bd494422ee4c136fed,0x4fbb350052bca5417566f188eb2ebce5b19bc964,0.0,66030,1.2,Success,,,,,
ETH,2020-02-22 14:55:10,0x94763c626b4e0eacb4c1c9f4f184a7c19335441032ea48d5157c687eeb241a02,9533788,0x0002b44ddb1476db43c868bd494422ee4c136fed,0x122fefeda080371f2f44de2bc92c9b4997ef9a2d,0.0,240154,1.2,Success,,,,,
ETH,2020-02-22 14:53:22,0xf800fa9c73c82fde8ef8138cc0b7233fe23b99c918ef9fbe26bea66299607ddc,9533778,0x0002b44ddb1476db43c868bd494422ee4c136fed,0x69bb24cfee787e9cfe33890e94931b51d6b5ec10,0.0,240154,1.2,Success,,,,,
ETH,2020-02-22 14:49:46,0x0b3b2062ecdce5bb2e2d0e268b587985f58c2f6384c3c8a6b41a9643029d3f92,9533761,0x0002b44ddb1476db43c868bd494422ee4c136fed,0x4fbb350052bca5417566f188eb2ebce5b19bc964,0.0,66048,2.0,Success,,,,,
ETH,2020-02-22 14:48:35,0x11e04ec20c291dc88b749577aa0b1654968a165edbc9a7eddbf5fbebf9f49390,9533757,0x0002b44ddb1476db43c868bd494422ee4c136fed,0x4fbb350052bca5417566f188eb2ebce5b19bc964,0.0,66048,2.0,Success,,,,,
ETH,2020-01-28 15:04:37,0x1d6cd860fa0f5e76f41531345e674b523e055b244b3992573a9fb0e144f3483d,9371223,0x0002b44ddb1476db43c868bd494422ee4c136fed,0x4fbb350052bca5417566f188eb2ebce5b19bc964,0.0,79122,1.3,Success,,,,,
ETH,2020-01-28 15:04:37,0x0be1cf09bf5630e6f5cc1d30806728afa270b196094fa61665d18f88dc888b74,9371223,0x0002b44ddb1476db43c868bd494422ee4c136fed,0x4fbb350052bca5417566f188eb2ebce5b19bc964,0.0,79104,1.3,Success,,,,,
ETH,2020-01-28 15:04:37,0x9bc944010a42f9a1553a0628df4da4e904f1804bffdb08cd738213e9d90dda62,9371223,0x0002b44ddb1476db43c868bd494422ee4c136fed,0x4fbb350052bca5417566f188eb2ebce5b19bc964,0.0,79122,1.3,Success,,,,,
ETH,2020-01-28 15:04:37,0xb99eb08c686627dc30a4a0cfe54d743de2aa7677425796b9f74a61a0eba2e65f,9371223,0x0002b44ddb1476db43c868bd494422ee4c136fed,0x4fbb350052bca5417566f188eb2ebce5b19bc964,0.0,79122,1.3,Success,,,,,
ETH,2020-01-28 15:04:37,0xb6c1a075a6f891d9c1baad2baa97e88d8cb0c67c253b0e1dfd771ca06d96d625,9371223,0x0002b44ddb1476db43c868bd494422ee4c136fed,0x4fbb350052bca5417566f188eb2ebce5b19bc964,0.0,79122,1.3,Success,,,,,
ETH,2020-01-28 15:04:37,0x7919cc927a90fb2c372ea1c51fb8a4d04db33f4aef4098dae2b5bff844e8db5b,9371223,0x0002b44ddb1476db43c868bd494422ee4c136fed,0x4fbb350052bca5417566f188eb2ebce5b19bc964,0.0,79104,1.3,Success,,,,,
ETH,2020-01-28 15:04:37,0xcae0d5895a3276db32e004e7f424ab9341873aaf40a7eafa641ba62e1705c9ca,9371223,0x0002b44ddb1476db43c868bd494422ee4c136fed,0x4fbb350052bca5417566f188eb2ebce5b19bc964,0.0,79122,1.3,Success,,,,,
ETH,2020-01-28 15:04:37,0x921bd8a4c536e7ec14594b37e14f8771d2726292ec892908e838234514e3b5d6,9371223,0x0002b44ddb1476db43c868bd494422ee4c136fed,0x4fbb350052bca5417566f188eb2ebce5b19bc964,0.0,79122,1.3,Success,,,,,
ETH,2020-01-28 15:04:37,0x887b07cfe0c2c7395099d20aadd07f856dd445dddfdeba5a41da719eb97d0fab,9371223,0x0002b44ddb1476db43c868bd494422ee4c136fed,0x4fbb350052bca5417566f188eb2ebce5b19bc964,0.0,79122,1.3,Success,,,,,
ETH,2020-01-28 15:04:37,0x03543610f4246d7264805b550bef4d83c8613a57d10e91173aed964274c18572,9371223,0x0002b44ddb1476db43c868bd494422ee4c136fed,0x4fbb350052bca5417566f188eb2ebce5b19bc964,0.0,79122,1.3,Success,,,,,
ETH,2020-01-28 15:04:37,0xb9b5916ea4f29a09c78d1a430e58225b73936b68732287a36483bb98985aa076,9371223,0x0002b44ddb1476db43c868bd494422ee4c136fed,0x4fbb350052bca5417566f188eb2ebce5b19bc964,0.0,79122,1.3,Success,,,,,
ETH,2020-01-28 15:04:37,0xdd6a578d3a9aa0e33d966e7a7e27ba126e02bc630bed633d8626cd886ff460df,9371223,0x0002b44ddb1476db43c868bd494422ee4c136fed,0x4fbb350052bca5417566f188eb2ebce5b19bc964,0.0,79122,1.3,Success,,,,,
ETH,2020-01-28 15:04:37,0x5c30f7206f3660774a8a04d15dc6a1b9eba994a0f06cd61c5b1436c897360d06,9371223,0x0002b44ddb1476db43c868bd494422ee4c136fed,0x4fbb350052bca5417566f188eb2ebce5b19bc964,0.0,79122,1.3,Success,,,,,
ETH,2020-01-28 15:04:37,0x60d2ae7898e8c0cdde5227241ee8b23cae95935bcd8b24640927984a5d82b5ba,9371223,0x0002b44ddb1476db43c868bd494422ee4c136fed,0x4fbb350052bca5417566f188eb2ebce5b19bc964,0.0,79122,1.3,Success,,,,,
ETH,2020-01-28 15:04:37,0x955abd53f8e5db7baa1e243a7716e6bb8e2f4fdec7ce378173062a3fb35597bb,9371223,0x0002b44ddb1476db43c868bd494422ee4c136fed,0x4fbb350052bca5417566f188eb2ebce5b19bc964,0.0,79122,1.3,Success,,,,,
ETH,2020-01-28 15:04:37,0x1a7a04b14fb1509eb06d9dbecefe007fabd9fbf89fec4d45d7bb2f51bd27c1e9,9371223,0x0002b44ddb1476db43c868bd494422ee4c136fed,0x4fbb350052bca5417566f188eb2ebce5b19bc964,0.0,79122,1.3,Success,,,,,
ETH,2020-01-28 14:03:19,0x9b82131125762aafc3a113cd5bf54545e2e100532311a3068cad64bdd2323fdd,9370958,0x0002b44ddb1476db43c868bd494422ee4c136fed,0x4fbb350052bca5417566f188eb2ebce5b19bc964,0.0,79122,1.3,Success,,,,,
ETH,2020-01-28 14:03:19,0xd4c8992590dc2aa38c2cdd347751607119aeaf37a27058304403982986870ce5,9370958,0x0002b44ddb1476db43c868bd494422ee4c136fed,0x4fbb350052bca5417566f188eb2ebce5b19bc964,0.0,79122,1.3,Success,,,,,
ETH,2020-01-28 14:01:09,0xc084277f2571927fa4e043de338c6b89feeffe16864a031a7f9d2b96cd1d1edd,9370945,0x0002b44ddb1476db43c868bd494422ee4c136fed,0x4fbb350052bca5417566f188eb2ebce5b19bc964,0.0,79122,1.3,Success,,,,,
ETH,2020-01-28 14:01:09,0x097136ccb15c0ecff24d3397d0889cdaff78521714f32a23ae7ec819fc47db26,9370945,0x0002b44ddb1476db43c868bd494422ee4c136fed,0x4fbb350052bca5417566f188eb2ebce5b19bc964,0.0,79122,1.3,Success,,,,,
ETH,2020-01-28 14:01:09,0x30b1d2f127f2d3b964dd6d8bfb75b38265d72ca5eaf2ed969ab165c96b767141,9370945,0x0002b44ddb1476db43c868bd494422ee4c136fed,0x4fbb350052bca5417566f188eb2ebce5b19bc964,0.0,79122,1.3,Success,,,,,
ETH,2020-01-28 13:59:40,0x73951f6f99fdedadcd3e3a31427e91a759d9ab59626e2c02dc6e136230bd8574,9370937,0x0002b44ddb1476db43c868bd494422ee4c136fed,0x4fbb350052bca5417566f188eb2ebce5b19bc964,0.0,79122,1.3,Success,,,,,
ETH,2020-01-28 13:59:39,0xa2d5580c14bae5faa0aca8beaec55bd002e42a9bae335cb627cdfc8f391f4eb4,9370936,0x0002b44ddb1476db43c868bd494422ee4c136fed,0x4fbb350052bca5417566f188eb2ebce5b19bc964,0.0,79122,1.3,Success,,,,,
ETH,2020-01-28 13:59:39,0xfaf6286a6b95a8e76ddd44f2d390b430b2bff45a7ea83cbb1c3e727a84cd8832,9370936,0x0002b44ddb1476db43c868bd494422ee4c136fed,0x4fbb350052bca5417566f188eb2ebce5b19bc964,0.0,79122,1.3,Success,,,,,
ETH,2020-01-28 13:59:39,0xecbc1a806adb11b9e691dce6bf3685b5970e5c1123e4a3af5e27528075fb0fc3,9370936,0x0002b44ddb1476db43c868bd494422ee4c136fed,0x4fbb350052bca5417566f188eb2ebce5b19bc964,0.0,79122,1.3,Success,,,,,
ETH,2020-01-28 13:59:39,0x7db61ee08a0abbf08ab4bc03e66122e6a9f0e1c433b364eb0fb5e01de09f4243,9370936,0x0002b44ddb1476db43c868bd494422ee4c136fed,0x4fbb350052bca5417566f188eb2ebce5b19bc964,0.0,79122,1.3,Success,,,,,
ETH,2020-01-28 13:59:39,0xc37327911744073e01bb2be86a2ac6d719b0f3b30ee7788d9a21397e9863ef82,9370936,0x0002b44ddb1476db43c868bd494422ee4c136fed,0x4fbb350052bca5417566f188eb2ebce5b19bc964,0.0,79122,1.3,Success,,,,,
ETH,2020-01-28 13:59:39,0x2878ee8fa461234c04049a61bc475bd628d0f63fa3f4baddf2d8d5a00c5aac45,9370936,0x0002b44ddb1476db43c868bd494422ee4c136fed,0x4fbb350052bca5417566f188eb2ebce5b19bc964,0.0,79122,1.3,Success,,,,,
ETH,2020-01-28 13:56:02,0xa880c3780fc506a5b9f4300645cce2ee06e8b5a14a5a2c27ee7338ea25d9bc5b,9370920,0x0002b44ddb1476db43c868bd494422ee4c136fed,0x4fbb350052bca5417566f188eb2ebce5b19bc964,0.0,79122,1.3,Success,,,,,
ETH,2020-01-28 13:54:55,0x699d61a689fc0acaf47506d6d648194093bbdace8441236d8233299f3f771d51,9370915,0x0002b44ddb1476db43c868bd494422ee4c136fed,0x4fbb350052bca5417566f188eb2ebce5b19bc964,0.0,79104,1.3,Success,,,,,
ETH,2020-01-28 13:54:50,0x153c8669d41f44a962c3c8110b504294a018ba0731b5a00d5cd780f0558a4f16,9370914,0x0002b44ddb1476db43c868bd494422ee4c136fed,0x4fbb350052bca5417566f188eb2ebce5b19bc964,0.0,79122,1.3,Success,,,,,
ETH,2020-01-28 13:54:50,0x2bcbe381ed69f8a79fb5c3b232a308ec5863224a907f801cbe846d4cdb153a3b,9370914,0x0002b44ddb1476db43c868bd494422ee4c136fed,0x4fbb350052bca5417566f188eb2ebce5b19bc964,0.0,79122,1.3,Success,,,,,
ETH,2020-01-28 13:54:50,0x0c16407479744ffc9a0beae87cacff7bdab6ed0cf9439249248649592b7271ea,9370914,0x0002b44ddb1476db43c868bd494422ee4c136fed,0x4fbb350052bca5417566f188eb2ebce5b19bc964,0.0,79122,1.3,Success,,,,,
ETH,2020-01-28 13:54:50,0x7c6128b2cc0afc79de8544b814d3a118e2c26afef03988c007d8bf73e4fa0f0a,9370914,0x0002b44ddb1476db43c868bd494422ee4c136fed,0x4fbb350052bca5417566f188eb2ebce5b19bc964,0.0,79122,1.3,Success,,,,,
ETH,2020-01-28 13:54:50,0x2de4f49d13f6d2e6e8dae52cdccc96fde484d100718429206eb72d2d979d5d00,9370914,0x0002b44ddb1476db43c868bd494422ee4c136fed,0x4fbb350052bca5417566f188eb2ebce5b19bc964,0.0,79104,1.3,Success,,,,,
ETH,2020-01-28 13:54:50,0x25ca1256b5f996202c78a7786222b7e5474befefe370baf30a2412675b152d33,9370914,0x0002b44ddb1476db43c868bd494422ee4c136fed,0x4fbb350052bca5417566f188eb2ebce5b19bc964,0.0,79122,1.3,Success,,,,,
ETH,2020-01-28 13:54:50,0x48538763633fe16ff207f1e81213979aa56167b4e148995095f02956e17e3f37,9370914,0x0002b44ddb1476db43c868bd494422ee4c136fed,0x4fbb350052bca5417566f188eb2ebce5b19bc964,0.0,79122,1.3,Success,,,,,
ETH,2020-01-28 13:54:50,0x4a0cbfc4730264cda7e2b1063f5e88a0dec03cd2ad2f850672cdee2097f3144a,9370914,0x0002b44ddb1476db43c868bd494422ee4c136fed,0x4fbb350052bca5417566f188eb2ebce5b19bc964,0.0,79122,1.3,Success,,,,,
ETH,2020-01-28 13:54:43,0x99a22445d0c45169097763698d143c5b4bfb3bd47f9c1fba18ae5b27bdd2c3d3,9370912,0x0002b44ddb1476db43c868bd494422ee4c136fed,0x4fbb350052bca5417566f188eb2ebce5b19bc964,0.0,79122,1.3,Success,,,,,
ETH,2020-01-28 13:54:43,0xb54b79688ffda01f2cc79ccbf2f05ad8bcde6f8e7676f026dd67aefafe7b1e54,9370912,0x0002b44ddb1476db43c868bd494422ee4c136fed,0x4fbb350052bca5417566f188eb2ebce5b19bc964,0.0,79122,1.3,Success,,,,,
ETH,2020-01-22 12:04:24,0x66b1962184f2de8e88eb03dfc29468853db1b90c4345d1e4f0a89cd69b49b951,9331277,0x0002b44ddb1476db43c868bd494422ee4c136fed,0x226159d592e2b063810a10ebf6dcbada94ed68b8,0.0,41165,1.2,Success,,,,,
ETH,2020-01-22 11:57:14,0x590b1f302ef7d405a983b1cbb1f546323e5e0ed828a527cb981e28cbc0bf6fff,9331256,0x0002b44ddb1476db43c868bd494422ee4c136fed,0x226159d592e2b063810a10ebf6dcbada94ed68b8,0.0,90365,1.2,Success,,,,,
ETH,2020-01-22 11:56:44,0xc2613093753fb398c11413285cd1f41e50de49cfe5c955f010a26e87ff97e3ed,9331251,0x0002b44ddb1476db43c868bd494422ee4c136fed,0x314159265dd8dbb310642f98f50c066173c1259b,0.0,44863,1.2,Success,,,,,
ETH,2020-01-22 11:55:17,0x92e877df458be66c4d102724062c1bb41b0dd533c22786c5808800230940cd45,9331247,0x0002b44ddb1476db43c868bd494422ee4c136fed,0x314159265dd8dbb310642f98f50c066173c1259b,0.0,45725,1.2,Success,,,,,
ETH,2020-01-22 11:47:45,0x080d7668e9533e2da1f42b1f499dc0449384942e83bb516f5f11135bf8b10710,9331213,0x0002b44ddb1476db43c868bd494422ee4c136fed,0x226159d592e2b063810a10ebf6dcbada94ed68b8,0.0,90365,1.2,Success,,,,,
ETH,2020-01-14 20:46:45,0x0f10cc0bcd9220f8aafe2723e3b965c1068db0c14c82f82ab70543d1e514d28a,9281408,0x0002b44ddb1476db43c868bd494422ee4c136fed,0x4fbb350052bca5417566f188eb2ebce5b19bc964,0.0,79104,1.2,Success,,,,,
ETH,2020-01-14 20:44:50,0x20a84aa5c3d9670364ce67311d0456080ad6cdbffa6755536f125e52cdf5bcee,9281394,0x0002b44ddb1476db43c868bd494422ee4c136fed,0x4fbb350052bca5417566f188eb2ebce5b19bc964,0.0,79104,1.2,Success,,,,,
ETH,2020-01-14 20:44:34,0x15f428d1b9cfcaab106a9e193c8c90e767b0cfc4ad8067acd9f102605526498f,9281393,0x0002b44ddb1476db43c868bd494422ee4c136fed,0x4fbb350052bca5417566f188eb2ebce5b19bc964,0.0,100000,1.2,"('Failed',)",,,,,
ETH,2020-01-14 20:44:14,0x46bee9dcafa42e8b369043b15fa7ee81ecf5e289136a92bf6d90edf41ef9c92f,9281391,0x0002b44ddb1476db43c868bd494422ee4c136fed,0x4fbb350052bca5417566f188eb2ebce5b19bc964,0.0,79104,1.2,Success,,,,,
ETH,2020-01-14 20:43:54,0xd6e7efdac77545e7d762ea276a71396b9c61b57dc54980eba9fea5eb64baaa74,9281388,0x0002b44ddb1476db43c868bd494422ee4c136fed,0x4fbb350052bca5417566f188eb2ebce5b19bc964,0.0,79104,1.2,Success,,,,,
ETH,2020-01-14 20:43:54,0x922ddbe18106aeb9d37068eb3fc928c90abfbe5fc03c8c78fe36d2de091d5307,9281388,0x0002b44ddb1476db43c868bd494422ee4c136fed,0x4fbb350052bca5417566f188eb2ebce5b19bc964,0.0,79104,1.2,Success,,,,,
ETH,2020-01-14 20:42:20,0x21ee61c63b9236adc135b5a195d526ad1c58e79146879941742b77ff5d31b51b,9281383,0x0002b44ddb1476db43c868bd494422ee4c136fed,0x4fbb350052bca5417566f188eb2ebce5b19bc964,0.0,79104,1.2,Success,,,,,
ETH,2020-01-14 20:42:20,0x0088ffa44eb3a652fc46a8590c32fdead1685a22d0e8ae404792bf43be2c14c1,9281383,0x0002b44ddb1476db43c868bd494422ee4c136fed,0x4fbb350052bca5417566f188eb2ebce5b19bc964,0.0,79104,1.2,Success,,,,,
ETH,2020-01-14 20:42:02,0x98689b84ecc2a851381043064065a0e453f0c21c4be94d4bab2b60d8c46ea5b2,9281381,0x0002b44ddb1476db43c868bd494422ee4c136fed,0x4fbb350052bca5417566f188eb2ebce5b19bc964,0.0,79104,1.2,Success,,,,,
ETH,2020-01-14 20:42:02,0x71489c129d18c20eddb6c9c7d829cbba17db051d3b58166ad30e80f2b7fd3a7d,9281381,0x0002b44ddb1476db43c868bd494422ee4c136fed,0x4fbb350052bca5417566f188eb2ebce5b19bc964,0.0,79104,1.2,Success,,,,,
ETH,2020-01-14 20:41:36,0x74579347f944eaa1181f6c81819efaa248aca45b9c65abf5ec32ad7233188d3f,9281379,0x0002b44ddb1476db43c868bd494422ee4c136fed,0x4fbb350052bca5417566f188eb2ebce5b19bc964,0.0,79104,1.2,Success,,,,,
ETH,2020-01-14 20:40:24,0x6b394223074643e022c2c32b8262a2e2bd7d8b467fccb7ad76536c4779b0430c,9281376,0x0002b44ddb1476db43c868bd494422ee4c136fed,0x4fbb350052bca5417566f188eb2ebce5b19bc964,0.0,79104,1.2,Success,,,,,
ETH,2020-01-14 20:39:55,0x7593c139cfb348f2e7e82471de15f4379c2159c4e8d9944fb389fff65d67a89e,9281373,0x0002b44ddb1476db43c868bd494422ee4c136fed,0x4fbb350052bca5417566f188eb2ebce5b19bc964,0.0,79104,1.2,Success,,,,,
ETH,2020-01-14 20:39:55,0x568599574412d80c5a546092725d18ebee88dca1fc0997825e32b6a51e7642b9,9281373,0x0002b44ddb1476db43c868bd494422ee4c136fed,0x4fbb350052bca5417566f188eb2ebce5b19bc964,0.0,79104,1.2,Success,,,,,
ETH,2020-01-14 20:39:32,0x15aa40895c142ad0f5cc53a5765b5c09da709134d135c91dab12e484f71e72a2,9281370,0x0002b44ddb1476db43c868bd494422ee4c136fed,0x4fbb350052bca5417566f188eb2ebce5b19bc964,0.0,79104,1.2,Success,,,,,
ETH,2020-01-14 20:38:19,0xfb9112587c2037563455ab105b3b8f130dbfe67b5ec5879fcb8a9e433aa6c730,9281366,0x0002b44ddb1476db43c868bd494422ee4c136fed,0x4fbb350052bca5417566f188eb2ebce5b19bc964,0.0,79104,1.2,Success,,,,,
ETH,2020-01-14 20:37:19,0x9b08040466ed233a6eb2614d3f28d66f8c610b6a4a5ab96402d7ecb272d546f6,9281361,0x0002b44ddb1476db43c868bd494422ee4c136fed,0x4fbb350052bca5417566f188eb2ebce5b19bc964,0.0,79104,1.2,Success,,,,,
ETH,2020-01-14 20:37:19,0xb50162ad25b8b7b68805c4f891fac27424d481a11753cfb62d70da3682088331,9281361,0x0002b44ddb1476db43c868bd494422ee4c136fed,0x4fbb350052bca5417566f188eb2ebce5b19bc964,0.0,79104,1.2,Success,,,,,
ETH,2020-01-14 20:37:19,0xd1f1d0c4f8e713f05dc62bc262af3479ccb4fa5d08e554f7a88ddf8c280e0922,9281361,0x0002b44ddb1476db43c868bd494422ee4c136fed,0x4fbb350052bca5417566f188eb2ebce5b19bc964,0.0,79104,1.2,Success,,,,,
ETH,2020-01-14 20:35:57,0x4ee9dd3129d46f7737d36aa47061e8ce3f5352d105192749b3d13be487fdaa42,9281357,0x0002b44ddb1476db43c868bd494422ee4c136fed,0x4fbb350052bca5417566f188eb2ebce5b19bc964,0.0,79104,1.2,Success,,,,,
ETH,2020-01-14 20:35:35,0xe49863fc5f8b2cf10974a2470b82a85e639ff6be534f280e9fb23dd174dd7478,9281355,0x0002b44ddb1476db43c868bd494422ee4c136fed,0x4fbb350052bca5417566f188eb2ebce5b19bc964,0.0,79104,1.2,Success,,,,,
ETH,2020-01-09 08:44:51,0x0ddeee15c1e921dcc122003e9bc5e6806083872b3e5e27d4e3b758dc2464a349,9245451,0x0002b44ddb1476db43c868bd494422ee4c136fed,0x2e642b8d59b45a1d8c5aef716a84ff44ea665914,0.0,116350,2.0,Success,,,,,
ETH,2020-01-09 08:33:40,0x05688972a397b2c6607f6d7b354a688d7ef9943d514fa59db7c94175bececf74,9245406,0x0002b44ddb1476db43c868bd494422ee4c136fed,0x2e642b8d59b45a1d8c5aef716a84ff44ea665914,0.0,116350,2.0,Success,,,,,
ETH,2020-01-09 08:09:41,0x067b470e8b300835677191ce15e49f4783be0c77d280dda90ddd90c3b037e4dd,9245297,0x0002b44ddb1476db43c868bd494422ee4c136fed,0x2e642b8d59b45a1d8c5aef716a84ff44ea665914,0.0,133112,2.0,Success,,,,,
ETH,2020-01-09 08:06:43,0x47b8653f41a9ee749f38c39f07cf9abe82d0fe8821e64140af6ed9abd11cd6a9,9245286,0x0002b44ddb1476db43c868bd494422ee4c136fed,0x0d8775f648430679a709e98d2b0cb6250d2887ef,0.0,48823,2.0,Success,,,,,
ETH,2020-01-08 17:02:19,0x8208871c111f18c14e91198da1439132bb7ac36cdaed043a1e557832e3d36a57,9241179,0x0002b44ddb1476db43c868bd494422ee4c136fed,0x226159d592e2b063810a10ebf6dcbada94ed68b8,0.0,55284,3.3,Success,,,,,
ETH,2020-01-08 17:02:09,0x720241ea04a81f5b611d65f25670011803c715e88cb326d129fa44cf225ef1be,9241177,0x0002b44ddb1476db43c868bd494422ee4c136fed,0x314159265dd8dbb310642f98f50c066173c1259b,0.0,44863,3.3,Success,,,,,
ETH,2020-01-08 17:01:14,0xc30148ab883417c52b6fb3d6d31a5a7aedb0054911957461a4d21fa4715f141a,9241173,0x0002b44ddb1476db43c868bd494422ee4c136fed,0x314159265dd8dbb310642f98f50c066173c1259b,0.0,45713,3.3,Success,,,,,
ETH,2020-01-08 16:58:21,0x0bb30844b094160ddd5c7ffad9fffa5972295d9c954165ed7f21ab54b9ad6e96,9241153,0x0002b44ddb1476db43c868bd494422ee4c136fed,0x9062c0a6dbd6108336bcbe4593a3d1ce05512069,0.0,48064,3.3,Success,,,,,
ETH,2020-01-08 16:55:24,0x8f4d763789984b97cea25b65acafad316c7b71964c76e42cf2bda80a2060bfb1,9241143,0x0002b44ddb1476db43c868bd494422ee4c136fed,0x226159d592e2b063810a10ebf6dcbada94ed68b8,0.0,55260,3.3,Success,,,,,
ETH,2020-01-08 16:53:54,0x1c0473c1aff3463dbd5c145b2030ed5fa92908db851b0b6d352b8b91f40b1057,9241135,0x0002b44ddb1476db43c868bd494422ee4c136fed,0x314159265dd8dbb310642f98f50c066173c1259b,0.0,44851,3.3,Success,,,,,
ETH,2020-01-08 16:52:15,0x5fde1e05fc9f12e2f27c2affdc317a97d4066c78d683148b7fcfde7de97fa7a5,9241127,0x0002b44ddb1476db43c868bd494422ee4c136fed,0x314159265dd8dbb310642f98f50c066173c1259b,0.0,45725,3.3,Success,,,,,
ETH,2020-01-08 16:47:22,0x534885be65982c78a1f20f236dcb0ee44d3569ba764be73239ce7c1c0e110b2d,9241112,0x0002b44ddb1476db43c868bd494422ee4c136fed,0x226159d592e2b063810a10ebf6dcbada94ed68b8,0.0,42498,3.0,Success,,,,,
ETH,2020-01-08 16:38:50,0xf25fed90fc0ac498d851875d87c1d755c1a5fe0f3198e5ed631d1f81b8ddde17,9241081,0x0002b44ddb1476db43c868bd494422ee4c136fed,0x226159d592e2b063810a10ebf6dcbada94ed68b8,0.0,42270,3.0,Success,,,,,
ETH,2020-01-08 16:25:25,0x5321a11d9c661328685b02fd564f9b9e30cb561a6ac56c21dda3fa829573c957,9241034,0x0002b44ddb1476db43c868bd494422ee4c136fed,0x9062c0a6dbd6108336bcbe4593a3d1ce05512069,0.0,112367,2.0,Success,,,,,
ETH,2020-01-08 16:23:24,0x0fb0f765a639d2d0d1d3829077b4e72b634cc4b7e0b5004786691d916382f1ad,9241025,0x0002b44ddb1476db43c868bd494422ee4c136fed,0x226159d592e2b063810a10ebf6dcbada94ed68b8,0.0,55260,3.0,Success,,,,,
ETH,2020-01-08 16:19:25,0x7d8b4808cc8c462ec331de4ad411117dedc806aeabbeaa8127ec6a8122612e8f,9241010,0x0002b44ddb1476db43c868bd494422ee4c136fed,0x314159265dd8dbb310642f98f50c066173c1259b,0.0,44851,3.0,Success,,,,,
ETH,2020-01-08 16:17:31,0x618c69c2b7895a76b5116ebfaa84f0eb9e5b639a20c0a71eccce66eb20cbfbe9,9241002,0x0002b44ddb1476db43c868bd494422ee4c136fed,0x226159d592e2b063810a10ebf6dcbada94ed68b8,0.0,55284,2.75,Success,,,,,
ETH,2020-01-08 16:13:30,0x432765fb9e3360fc2f902bd82dcd0bfcb3e222d3cc2949fbe7e52802ad75c70b,9240987,0x0002b44ddb1476db43c868bd494422ee4c136fed,0x314159265dd8dbb310642f98f50c066173c1259b,0.0,44863,2.5,Success,,,,,
ETH,2020-01-08 16:09:29,0x38ce25705d45064e0c32aaa72f5d12dac041a988cc0233e78a9331fab56cd7a8,9240975,0x0002b44ddb1476db43c868bd494422ee4c136fed,0x314159265dd8dbb310642f98f50c066173c1259b,0.0,45725,2.0,Success,,,,,
ETH,2020-01-08 11:59:15,0xb8eb2f427c9d1ccaeaeb93e57e9ac95298dcdca60da16f613806b472420a7fc9,9239876,0x0002b44ddb1476db43c868bd494422ee4c136fed,0x314159265dd8dbb310642f98f50c066173c1259b,0.0,45725,2.0,Success,,,,,
ETH,2020-01-08 11:52:54,0x7fd494c2aaa8f8699c48ba3ee12e4e5ee2de733c8bdf7e0a905379354a4cf88c,9239848,0x0002b44ddb1476db43c868bd494422ee4c136fed,0x314159265dd8dbb310642f98f50c066173c1259b,0.0,44863,2.0,Success,,,,,
ETH,2020-01-08 11:51:00,0x4bd2727970ba949737130cc86df34ddf01b12015cd1ba50b42e86a18906b4ab4,9239841,0x0002b44ddb1476db43c868bd494422ee4c136fed,0x314159265dd8dbb310642f98f50c066173c1259b,0.0,44863,2.0,Success,,,,,
ETH,2020-01-08 11:03:22,0x264c2dc917e9d09d0ee720398bdba8159dcedca2302f591b27211e36ffa5c203,9239624,0x0002b44ddb1476db43c868bd494422ee4c136fed,0x6090a6e47849629b7245dfa1ca21d94cd15878ef,0.0,177308,3.0,Success,,,,,
ETH,2020-01-08 11:01:06,0xd9a0965b5cfba5d84d0ff24f5758cc8ba55ddef539ce037ae0c5973a9c602335,9239617,0x0002b44ddb1476db43c868bd494422ee4c136fed,0x6090a6e47849629b7245dfa1ca21d94cd15878ef,0.0,192308,3.0,Success,,,,,
ETH,2019-04-12 15:59:35,0xfef1e44455774738afeeba1ead3f95d1a553726f03bda6e2dad220e970965efe,7554073,0x0002b44ddb1476db43c868bd494422ee4c136fed,0xc76df63d476f0a81aca722c37c64c30bf836101a,0.44,21000,4.0,Success,,,,,
ETH,2019-04-12 15:55:23,0x940c3cc1acd4738db21d0dd1695b34b55e2ccf3aa3866bda5c9aac87a36579bc,7554050,0x0002b44ddb1476db43c868bd494422ee4c136fed,0x58b6a8a3302369daec383334672404ee733ab239,0.0,65356,4.0,Success,,,,,
ETH,2018-06-16 11:46:04,0x9614621db6f1f807e75f1318db45d2374779c367ac2ad0a2beb0974d798d9ea6,5798819,0x0002b44ddb1476db43c868bd494422ee4c136fed,0x0dec51fb6ef4e9d2ce0476ee2439f0549807948b,0.02,53000,3.0,Success,,,,,
ETH,2018-03-26 08:00:12,0xa1be93363a336b7615100e02d84ed0bf7288a7d92579ba9693871fbd657c6aee,5324092,0x0002b44ddb1476db43c868bd494422ee4c136fed,0xc2d6598430b40a17712a83f7d74869dea6bb5634,0.06729702,21000,14.0,Success,,,,,
ETH,2018-01-13 15:43:13,0xccd2b8144bb417bc859c045bbe641cdefba836bea94d1db6c4a9400cb4088a8f,4902272,0x0002b44ddb1476db43c868bd494422ee4c136fed,0x0b8d56c26d8cf16fe1bddf4967753503d974de06,0.0,27515,50.0,Success,,,,,
ETH,2018-01-13 15:40:21,0x3efbd5864a1924063bfb44685e58f09eadb0a3392080732b93879f1ac90dbcc5,4902258,0x0002b44ddb1476db43c868bd494422ee4c136fed,0x0b8d56c26d8cf16fe1bddf4967753503d974de06,0.0,27438,50.0,Success,,,,,
ETH,2018-01-13 15:39:45,0x9176cecf6a70b144ba326ebfb50cae52d6383cfc38d867173be09f5603f7e708,4902255,0x0002b44ddb1476db43c868bd494422ee4c136fed,0x0b8d56c26d8cf16fe1bddf4967753503d974de06,0.0,74380,50.0,Success,,,,,
ETH,2018-01-13 14:47:22,0xdcb9eb604578f4e3eddd801dedfcc85e2fe5eeb658fd2c7a609d1628d1ae5924,4902057,0x0002b44ddb1476db43c868bd494422ee4c136fed,0x0002b44ddb1476db43c868bd494422ee4c136fed,0.0,21000,13.75,Success,,,,,
ETH,2018-01-13 14:40:38,0x99aff90e3a44a95909b9bdcf49b3f73a8900366ed58e52f8169628bc8b1e702f,4902033,0x0002b44ddb1476db43c868bd494422ee4c136fed,0x0b8d56c26d8cf16fe1bddf4967753503d974de06,0.0,27438,11.0,Success,,,,,
ETH,2018-01-13 14:16:44,0xa5273550c975b3fa0d8b443e850feda5f633edfd3d48f2f6ba933aeea4966b0c,4901958,0x0002b44ddb1476db43c868bd494422ee4c136fed,0x0002b44ddb1476db43c868bd494422ee4c136fed,0.0,21000,6.25,Success,,,,,
ETH,2018-01-13 12:40:07,0x0e721570d11e7074c6640a4c4c64c7851740bd3582cfd847563eae62e74f95f8,4901568,0x0002b44ddb1476db43c868bd494422ee4c136fed,0x0b8d56c26d8cf16fe1bddf4967753503d974de06,0.0,27515,5.0,Success,,,,,
ETH,2017-10-30 13:35:01,0x38e9311c7bbad6205e89416d7d5c6b7dcf3a6e40112fbcf567021a976938ac14,4458116,0x0002b44ddb1476db43c868bd494422ee4c136fed,0x27c41d20014fa87291006d02ddd81b2128039bd7,0.0,73793,8.0,Success,,,,,
ETH,2017-10-30 13:32:58,0x7ca9d821e165fd365e6838673bce56e45c76c06da6c6a98ad1eba147f05deb68,4458111,0x0002b44ddb1476db43c868bd494422ee4c136fed,0x27c41d20014fa87291006d02ddd81b2128039bd7,0.0,74407,8.0,Success,,,,,
ETH,2017-10-30 09:48:02,0x1eb3f02a31590998680d0e62e01777ef9c83abc6e50a89295746bb4aaff8c7a4,4457121,0x909da579a531c9edcd947080d51434bb71d3ae40,0x0002b44ddb1476db43c868bd494422ee4c136fed,0.351235420942,21000,6.0001,Success,,,,,
ETH,2017-10-30 09:46:49,0xf25aa02e4be4b744d6615e744d3cd997a506df7a20b2138582745875bd21a08b,4457116,0x991cdef1fbf73e8d8c0d120d41d1473fb686c72c,0x0002b44ddb1476db43c868bd494422ee4c136fed,0.0558739979,21000,6.0001,Success,,,,,
ETH,2017-10-30 09:30:42,0x406532affa70478e8ef3087e5a16c7bb1b5db8c86d129a1f273e639e103c4da0,4457052,0x0002b44ddb1476db43c868bd494422ee4c136fed,0xd70994d7020df8052a1124561ff548f3b88744d8,0.0,40697,6.0001,Success,,,,,
ETH,2017-10-30 09:29:29,0x5275b409467a20099d109deeb09d0c0336812788556f1acdeb17d57660bae690,4457049,0x0002b44ddb1476db43c868bd494422ee4c136fed,0x27c41d20014fa87291006d02ddd81b2128039bd7,0.0,106478,6.0001,Success,,,,,
ETH,2017-10-18 23:24:05,0x91fadbf7e735a61bc9b0c4de1023763bc84a17cc85d800dd9f431bd26867dc91,4385999,0x0002b44ddb1476db43c868bd494422ee4c136fed,0xd70994d7020df8052a1124561ff548f3b88744d8,0.0,40390,15.0,Success,,,,,
ETH,2017-10-18 23:24:05,0x94c481b04021313f2ac9a09de4cd0b3aa3bfc0b34c99293315a3e47c1774b444,4385999,0x0002b44ddb1476db43c868bd494422ee4c136fed,0xd70994d7020df8052a1124561ff548f3b88744d8,0.0,40697,15.0,Success,,,,,
ETH,2017-10-18 23:24:05,0xc7531928bd62dfd3e0c2df4ed86b8baa208f87c668d628583fbcf4fd29f9662c,4385999,0x0002b44ddb1476db43c868bd494422ee4c136fed,0x27c41d20014fa87291006d02ddd81b2128039bd7,0.0,162830,15.0,Success,,,,,
ETH,2017-10-18 23:23:48,0x1887055f79de1c8823c491470d8a3426f94241ad963caddb90aee028f83b338d,4385998,0x0002b44ddb1476db43c868bd494422ee4c136fed,0x27c41d20014fa87291006d02ddd81b2128039bd7,0.0,162830,15.0,Success,,,,,
ETH,2017-10-18 23:23:05,0xc0bf39d8c10a6046ee49eb25f218c4dd13da08139ed73cb4e2cb1eb532bba8d1,4385994,0x0002b44ddb1476db43c868bd494422ee4c136fed,0xd70994d7020df8052a1124561ff548f3b88744d8,0.0,40774,18.9,Success,,,,,
ETH,2017-10-18 23:23:05,0xae90097ec73c936a8d903c1d437a8af94de32890c7232670e510bd4bdf2525fe,4385994,0x0002b44ddb1476db43c868bd494422ee4c136fed,0x27c41d20014fa87291006d02ddd81b2128039bd7,0.0,162830,18.9,Success,,,,,
ETH,2017-09-18 15:20:53,0xb132cb4f7dbd6df28c1c25c6a432049c56f7f4b4aaa2e7856e325252ae6d7515,4287898,0x0002b44ddb1476db43c868bd494422ee4c136fed,0xd70994d7020df8052a1124561ff548f3b88744d8,0.0,40620,21.0,Success,,,,,
ETH,2017-09-18 15:16:00,0x2abc6e276b66a33065031ca5e530cd3c9ba3af79d9df1d2247a5a2b479d57d5f,4287891,0x0002b44ddb1476db43c868bd494422ee4c136fed,0x27c41d20014fa87291006d02ddd81b2128039bd7,0.0,105941,21.0,Success,,,,,
ETH,2017-09-17 20:37:56,0x03c7731486cbc2cafe862ea0dba7dde2bd6f354559415da7da43f02c12183c76,4285095,0x0002b44ddb1476db43c868bd494422ee4c136fed,0xe3389675d0338462dc76c6f9a3e432550c36a142,0.0,38208,28.0,Success,,,,,
ETH,2017-09-17 20:36:18,0x7eff5c13a5a2fe2069e878454337614a07699f7dbfa0e2e196d2a40d534b12e0,4285092,0x0002b44ddb1476db43c868bd494422ee4c136fed,0xe3389675d0338462dc76c6f9a3e432550c36a142,0.0,39667,28.0,Success,,,,,
ETH,2017-09-17 19:01:17,0x4f67ad65f64a8ee077fe3ebf3cdad04ed51ef9e1999a7473c67ca6b469fe0c88,4284859,0x0002b44ddb1476db43c868bd494422ee4c136fed,0xe3389675d0338462dc76c6f9a3e432550c36a142,0.0,28992,30.0,Success,,,,,
ETH,2017-09-17 16:18:26,0x6dfda7f1320171ffa653f19412c986cbdbe578ebfe4b5238c4371afdd9c269f5,4284449,0x0002b44ddb1476db43c868bd494422ee4c136fed,0xd70994d7020df8052a1124561ff548f3b88744d8,0.0,40697,40.0,Success,,,,,
ETH,2017-09-17 16:15:47,0xd4f292b73f6f87ca28f035af7b8caad52a2061abfc65c67ab27054a35507530b,4284446,0x0002b44ddb1476db43c868bd494422ee4c136fed,0x27c41d20014fa87291006d02ddd81b2128039bd7,0.0,106018,40.0,Success,,,,,
ETH,2017-08-09 10:25:44,0xffea0887e963d539ab63467fd8d03410c930295ea1ad6a34ab39dd6c612a43cf,4135864,0x0002b44ddb1476db43c868bd494422ee4c136fed,0xe3389675d0338462dc76c6f9a3e432550c36a142,0.0,55613,22.073836554,Success,,,,,
ETH,2017-07-27 19:28:30,0x418a271547d76288584900b74aa2c8033b419f513f25fe3e6bb97d6ca8ff1311,4082241,0x0002b44ddb1476db43c868bd494422ee4c136fed,0xe3389675d0338462dc76c6f9a3e432550c36a142,0.0,55613,21.0,Success,,,,,
ETH,2017-07-26 11:12:57,0xb6fea37de4fb4baa294ff976f38632007c2fd1afab1feb362d7c55466f190d55,4075987,0x0002b44ddb1476db43c868bd494422ee4c136fed,0x6090a6e47849629b7245dfa1ca21d94cd15878ef,0.0,200000,22.416545867,Success,,,,,
ETH,2017-07-26 11:10:19,0xa298599f8e6401201caaad08c3dc676e482fa8542ebbaacf1f483daa4e192dc7,4075979,0x0002b44ddb1476db43c868bd494422ee4c136fed,0x6090a6e47849629b7245dfa1ca21d94cd15878ef,0.0,200000,22.416545867,Success,,,,,
ETH,2017-07-24 07:59:16,0xae45dec238910a5aff842c92b4a573ae2363280d1d077af7aedea68866cb0230,4066075,0x0002b44ddb1476db43c868bd494422ee4c136fed,0x6090a6e47849629b7245dfa1ca21d94cd15878ef,0.0,300000,20.0,Success,,,,,
ETH,2017-07-22 16:04:08,0x2803cbda5da39ef5920e307399e7040d336eb55388071a29ccdc0dc6a266e391,4058366,0x0002b44ddb1476db43c868bd494422ee4c136fed,0x6090a6e47849629b7245dfa1ca21d94cd15878ef,0.0,300000,20.0,Success,,,,,
ETH,2017-07-21 07:57:43,0x7a5417dd70b4f04869b96901cde292c9a47ab21103b5b760879055889f26886f,4052215,0x0002b44ddb1476db43c868bd494422ee4c136fed,0x6090a6e47849629b7245dfa1ca21d94cd15878ef,0.0,300000,20.0,Success,,,,,
ETH,2017-07-21 07:49:38,0xe268c6c19387e5777e0fd5c2bb9090d30bc8d9d38921355e1bd518ca0cfd7d79,4052187,0x0002b44ddb1476db43c868bd494422ee4c136fed,0x6090a6e47849629b7245dfa1ca21d94cd15878ef,0.01,650000,20.0,Success,,,,,
ETH,2017-07-19 12:46:07,0xacf5141f1fc617d0fcf347ea3c974598f463d4a71ace1921c08eaefadcaf707c,4043881,0x0002b44ddb1476db43c868bd494422ee4c136fed,0x6090a6e47849629b7245dfa1ca21d94cd15878ef,0.0,300000,20.0,Success,,,,,
ETH,2017-07-19 12:43:31,0x9ddb1a519620e187074d6da9cb9bf5dc197539bf5737a6d1e6311c5a12df88c9,4043876,0x0002b44ddb1476db43c868bd494422ee4c136fed,0x6090a6e47849629b7245dfa1ca21d94cd15878ef,0.01,650000,20.0,Success,,,,,
ETH,2017-06-12 12:22:46,0xb036599e3846ca138254cbbb0d517bd61e3adf6a3e7cc92faf283dcd8b9764f0,3860855,0x0002b44ddb1476db43c868bd494422ee4c136fed,0xe6390c4b503bf5051c05f09a38cd9afe06d596de,1.8,21000,24.161021854,Success,,,,,
ETH,2017-06-12 11:50:07,0xd8ed7f2ceddee858d824504468b8a77eef56e771d364173fd4785bd98f9d7b8b,3860751,0x0002b44ddb1476db43c868bd494422ee4c136fed,0x0b8d56c26d8cf16fe1bddf4967753503d974de06,0.0,27515,24.161021854,Success,,,,,
ETH,2017-05-31 20:45:33,0xa0e6cfed67b6ad0bc728175b0f29f579162002c95a152d57b131aaafd47e9d49,3800057,0x0002b44ddb1476db43c868bd494422ee4c136fed,0x44691b39d1a75dc4e0a0346cbb15e310e6ed1e86,0.0,116081,24.0,Success,,,,,
ETH,2017-05-31 20:45:33,0x3a5d596de8b6a644cc8f260de91cbac1f31d9f4d1679f72c91e1fc1a10c5755a,3800057,0x0002b44ddb1476db43c868bd494422ee4c136fed,0x44691b39d1a75dc4e0a0346cbb15e310e6ed1e86,0.0,116234,24.0,Success,,,,,
ETH,2017-05-31 20:45:33,0xf6449768cf1684c7b72b7516aee266a1cd4016236ee2828e6e6ad093f064caf2,3800057,0x0002b44ddb1476db43c868bd494422ee4c136fed,0x44691b39d1a75dc4e0a0346cbb15e310e6ed1e86,0.0,65366,24.0,Success,,,,,
ETH,2017-05-31 20:45:33,0xd45deaf9669cc04f89a7bda5fb43436239296af14be93152351211d829a5b2d2,3800057,0x0002b44ddb1476db43c868bd494422ee4c136fed,0x44691b39d1a75dc4e0a0346cbb15e310e6ed1e86,0.0,65213,24.0,Success,,,,,
ETH,2017-05-31 20:45:33,0x93849763c167fff5b2dce0a5fb36c1f96ebcdcc8cf93a129a6fba641f5e22fa7,3800057,0x0002b44ddb1476db43c868bd494422ee4c136fed,0x44691b39d1a75dc4e0a0346cbb15e310e6ed1e86,0.0,114775,24.0,Success,,,,,
ETH,2017-05-31 20:45:33,0x82326a2bf53f93d992438e5856798bf6590763e155fa0dc9e2d5ac10a70e890f,3800057,0x0002b44ddb1476db43c868bd494422ee4c136fed,0x44691b39d1a75dc4e0a0346cbb15e310e6ed1e86,0.0,115082,24.0,Success,,,,,
ETH,2017-05-31 20:45:33,0xb82d08adc3920292552aa689c4ea52664af95fa5cd5d4510a676b7d9ebec8940,3800057,0x0002b44ddb1476db43c868bd494422ee4c136fed,0x44691b39d1a75dc4e0a0346cbb15e310e6ed1e86,0.0,115774,24.0,Success,,,,,
ETH,2017-05-31 20:45:30,0x6bf9410058dcd11587c33dcd937703c7e2a9702269f4200cad3c1d5d0df140aa,3800055,0x0002b44ddb1476db43c868bd494422ee4c136fed,0x44691b39d1a75dc4e0a0346cbb15e310e6ed1e86,0.0,65366,24.0,Success,,,,,
ETH,2017-05-31 20:45:02,0x83b08c0c4537f2f995b0106f8fe9831d9c3b9de9a79a4693e546eacbf04a5ce5,3800053,0x0002b44ddb1476db43c868bd494422ee4c136fed,0x44691b39d1a75dc4e0a0346cbb15e310e6ed1e86,0.0,117002,24.0,Success,,,,,
ETH,2017-05-31 20:44:17,0x3c3ae07f3ecd632133ff75958a9480c8898aa556bd4d421b3710e5e91d878dfd,3800050,0x0002b44ddb1476db43c868bd494422ee4c136fed,0x44691b39d1a75dc4e0a0346cbb15e310e6ed1e86,0.0,65443,24.0,Success,,,,,
ETH,2017-05-31 20:43:54,0xb1132575fd69ee48db145fcd3a418b9489b0e5c69adbdb00cd78e947cd65b6e0,3800048,0x0002b44ddb1476db43c868bd494422ee4c136fed,0x44691b39d1a75dc4e0a0346cbb15e310e6ed1e86,0.0,65674,24.0,Success,,,,,
ETH,2017-05-31 20:42:19,0xe251d74d30c3b2181d4336a1d7b135e5d95eda7695eb7e10813672680fe7e7ab,3800039,0x0002b44ddb1476db43c868bd494422ee4c136fed,0x44691b39d1a75dc4e0a0346cbb15e310e6ed1e86,0.0,115006,24.0,Success,,,,,
ETH,2017-05-31 20:41:46,0x3ed166d3a73ec3e1896dfdbe79d7c459e29cedd1ec1107f254601f982848b7e9,3800037,0x0002b44ddb1476db43c868bd494422ee4c136fed,0x44691b39d1a75dc4e0a0346cbb15e310e6ed1e86,0.0,65674,24.0,Success,,,,,
ETH,2017-05-31 20:41:42,0x44ae9c96843ab14eb03eb63f413cb9055bfbf409926c21415fd21a30c5da6f84,3800036,0x0002b44ddb1476db43c868bd494422ee4c136fed,0x44691b39d1a75dc4e0a0346cbb15e310e6ed1e86,0.0,65443,24.0,Success,,,,,
ETH,2017-05-31 20:39:49,0xd12fd2e67b806f42522e988dbd0672d75915906cba9b4a931fe491252bf50ba5,3800025,0x0002b44ddb1476db43c868bd494422ee4c136fed,0x44691b39d1a75dc4e0a0346cbb15e310e6ed1e86,0.0,65290,22.649608186,Success,,,,,
ETH,2017-05-31 20:35:10,0x262405d5290ac494de641efcd884690e6cb358e0c1e846e1426b7ff99a083193,3800009,0x0002b44ddb1476db43c868bd494422ee4c136fed,0x44691b39d1a75dc4e0a0346cbb15e310e6ed1e86,0.0,65290,22.649608186,Success,,,,,
ETH,2017-05-31 20:33:21,0xb4354e5aba104523fff9e2f0ee17fd664e07dbd70dbf48fa946533afcb370008,3800002,0x0002b44ddb1476db43c868bd494422ee4c136fed,0x44691b39d1a75dc4e0a0346cbb15e310e6ed1e86,0.0,65520,22.649608186,Success,,,,,
ETH,2017-05-31 20:29:41,0xc4d87d29454b7e4c889282c092214981c95f206a1e5df94f7b2392476840861c,3799991,0x0002b44ddb1476db43c868bd494422ee4c136fed,0x44691b39d1a75dc4e0a0346cbb15e310e6ed1e86,0.0,114852,22.649608186,Success,,,,,
ETH,2017-05-31 20:27:12,0xdbdb64e513b7e295d5d031e69c0aa0fe472f9997dad98bb8fedfb83d0b54280c,3799983,0x0002b44ddb1476db43c868bd494422ee4c136fed,0x44691b39d1a75dc4e0a0346cbb15e310e6ed1e86,0.0,65059,22.649608186,Success,,,,,
ETH,2017-05-29 13:33:16,0x2af5c407927791b48176a403ef2c563d04e1bc26ae0f51a035cab0924ea68cd3,3787389,0x0002b44ddb1476db43c868bd494422ee4c136fed,0xd70994d7020df8052a1124561ff548f3b88744d8,0.0,58697,20.0,Success,,,,,
ETH,2017-05-29 13:33:16,0x6344f738331aa7654c4b2b73d51608588840f7365e422af3e58b6da6046b06e6,3787389,0x0002b44ddb1476db43c868bd494422ee4c136fed,0xd70994d7020df8052a1124561ff548f3b88744d8,0.0,58313,20.0,Success,,,,,
ETH,2017-05-29 13:33:16,0x8897dbd2b497abb67234f3833b7eb3dd2c5198e0d592e81bfd14a659f78d89db,3787389,0x0002b44ddb1476db43c868bd494422ee4c136fed,0xd70994d7020df8052a1124561ff548f3b88744d8,0.0,58774,20.0,Success,,,,,
ETH,2017-05-29 13:32:05,0x549357f434d2d3685eeffe76a3a7197d10e289cc1015fc7129271a86723577be,3787385,0x0002b44ddb1476db43c868bd494422ee4c136fed,0xd70994d7020df8052a1124561ff548f3b88744d8,0.01,110269,20.0,Success,,,,,
ETH,2017-05-29 13:30:32,0xd63c4ae923c955cb871737939d53451776cf03c526594750ef0485ae84d8da74,3787379,0x0002b44ddb1476db43c868bd494422ee4c136fed,0x27c41d20014fa87291006d02ddd81b2128039bd7,0.0,106018,20.0,Success,,,,,
ETH,2017-05-29 13:29:56,0xa366bb1566adaa7cfe6370e72d8e23c90c7b01de28b0cdc993f66dfced9a3790,3787378,0x0002b44ddb1476db43c868bd494422ee4c136fed,0x27c41d20014fa87291006d02ddd81b2128039bd7,0.0,164750,20.0,Success,,,,,
ETH,2017-05-29 13:28:27,0x1556cff3360be9fbe53b3a02e038803270426c3eea5b157f5bfa13bcaca133f5,3787375,0x0002b44ddb1476db43c868bd494422ee4c136fed,0x27c41d20014fa87291006d02ddd81b2128039bd7,0.0,163061,20.0,Success,,,,,
ETH,2017-05-27 18:51:24,0x5411d8838aec811faa579fc57c6a0191f434353fb46a8d3128a5924ff46cd6c5,3777607,0x7a62e148e0cf224dfd8f1c841e58fc8b524ef8b9,0x0002b44ddb1476db43c868bd494422ee4c136fed,0.0651,21000,20.0,Success,,,,,
ETH,2017-05-11 10:24:33,0x4191306f89d55ac284bec1d6655ba2ab24093cdb74c460ada5d4a8819dfad99a,3688129,0x0002b44ddb1476db43c868bd494422ee4c136fed,0xe3389675d0338462dc76c6f9a3e432550c36a142,0.0,55613,20.0,Success,,,,,
ETH,2017-05-11 10:24:33,0x2394177f7baf2d31f1eb7bb354887c7487cb79fe0d6c46d53512962c003e3c80,3688129,0x0002b44ddb1476db43c868bd494422ee4c136fed,0xe3389675d0338462dc76c6f9a3e432550c36a142,0.0,55613,20.0,Success,,,,,
ETH,2017-05-11 10:23:53,0x27c3888585453818ece2fbd128cd669603cbad87f6f38e6ba2e25f073ab6adc1,3688126,0x0002b44ddb1476db43c868bd494422ee4c136fed,0xe3389675d0338462dc76c6f9a3e432550c36a142,0.0,55613,20.0,Success,,,,,
ETH,2017-05-11 10:23:53,0x602fb73f9805fb81c879ebbecd2ba9f63eca6d42e6175b7ac56069148a2d6ec5,3688126,0x0002b44ddb1476db43c868bd494422ee4c136fed,0xe3389675d0338462dc76c6f9a3e432550c36a142,0.0,55613,20.0,Success,,,,,
ETH,2017-05-11 10:22:59,0x4c8c2bbf48b5534a542bf5839b9f0e5eac9afcd7fc3df84c19774e1f0c70b22d,3688125,0x0002b44ddb1476db43c868bd494422ee4c136fed,0xe3389675d0338462dc76c6f9a3e432550c36a142,0.0,55613,20.0,Success,,,,,
ETH,2017-05-11 10:22:32,0x064c7838823011b571d0c514cdfbcf30959d184e889efece3c16b92ff04adb7b,3688123,0x0002b44ddb1476db43c868bd494422ee4c136fed,0xe3389675d0338462dc76c6f9a3e432550c36a142,0.0,55613,20.0,Success,,,,,
ETH,2017-05-11 10:21:51,0x6336d9726166c532b72c5d3944dc7142426e9372ecbbb7ea346d7f3fe106804e,3688117,0x0002b44ddb1476db43c868bd494422ee4c136fed,0xe3389675d0338462dc76c6f9a3e432550c36a142,0.0,55613,20.0,Success,,,,,
ETH,2017-05-11 10:21:34,0xd4f67f888e2bf1009eac5565a3a0593aac6ed6d639497118bd761d80cf79a3a8,3688116,0x0002b44ddb1476db43c868bd494422ee4c136fed,0xe3389675d0338462dc76c6f9a3e432550c36a142,0.0,55536,20.0,Success,,,,,
ETH,2017-05-11 10:21:23,0xb7788e5282f2736346770d9318efe7d7c3f7c42abe3ada5b3bb63fb921f739c4,3688115,0x0002b44ddb1476db43c868bd494422ee4c136fed,0xe3389675d0338462dc76c6f9a3e432550c36a142,0.0,55613,20.0,Success,,,,,
ETH,2017-04-25 17:00:31,0x774d653906b5c5d389cf1486740273f7c3dce6b26d6fb6b18073dc14250e1278,3599153,0x0002b44ddb1476db43c868bd494422ee4c136fed,0xe3389675d0338462dc76c6f9a3e432550c36a142,0.0,55613,20.0,Success,,,,,
ETH,2017-04-25 16:58:50,0xbdf791ced87b1b88a067a4c499ab83a8ef4ab8bb1814c355a6e1e46bb0e1c51b,3599144,0x0002b44ddb1476db43c868bd494422ee4c136fed,0xe3389675d0338462dc76c6f9a3e432550c36a142,0.0,55613,20.0,Success,,,,,
ETH,2017-04-25 16:56:23,0x8d3b6c8396cf43ea8700032678776b62de5bc14dc402af5c627eb88543b98f63,3599136,0x0002b44ddb1476db43c868bd494422ee4c136fed,0xe3389675d0338462dc76c6f9a3e432550c36a142,0.0,55613,20.0,Success,,,,,
ETH,2017-04-25 16:56:01,0xdd8d2ddb440edece6fffeb03628490a550b15aa2c5b898d69d849c6716bcc20a,3599134,0x0002b44ddb1476db43c868bd494422ee4c136fed,0xe3389675d0338462dc76c6f9a3e432550c36a142,0.0,55613,20.0,Success,,,,,
ETH,2017-04-25 16:55:50,0x0d3183ed5827328644a4b4190adcaae01448bcb3daedea371a5105e75458dc21,3599133,0x0002b44ddb1476db43c868bd494422ee4c136fed,0xe3389675d0338462dc76c6f9a3e432550c36a142,0.0,55613,20.0,Success,,,,,
ETH,2017-04-25 16:55:27,0x26ac5f9285af7742a05551e2c2ea96a08d26f69ebe7c328d391c501a46033ddc,3599131,0x0002b44ddb1476db43c868bd494422ee4c136fed,0xe3389675d0338462dc76c6f9a3e432550c36a142,0.0,55613,20.0,Success,,,,,
ETH,2017-04-25 16:53:43,0xf4589fe9e432a844b183db443d4f721c1c195d8f8febf3a0b3a787fb1a5d0fb3,3599127,0x0002b44ddb1476db43c868bd494422ee4c136fed,0xe3389675d0338462dc76c6f9a3e432550c36a142,0.0,55613,20.0,Success,,,,,
ETH,2017-03-29 19:48:44,0x79c480f155f19bf21b110d9f2f1b6f798b112f9d51acd228a46b84be6199e5c8,3441564,0x0002b44ddb1476db43c868bd494422ee4c136fed,0x0b8d56c26d8cf16fe1bddf4967753503d974de06,0.0,27592,21.044691769,Success,,,,,
ETH,2017-03-15 18:50:57,0x1cfc1ac76d6c15006469e5920daacb9efbd0396baffda75c03eeb20451e74c3b,3357753,0x0002b44ddb1476db43c868bd494422ee4c136fed,0x9ae98746eb8a0aeee5ff2b6b15875313a986f103,0.0,61078,20.0,Success,,,,,
ETH,2017-03-15 18:45:25,0x98e03141d51dc9d78e3f3f2a1645318d6903cda29465df0c19d313e04a865756,3357736,0x0002b44ddb1476db43c868bd494422ee4c136fed,0x9ae98746eb8a0aeee5ff2b6b15875313a986f103,0.03,27961,20.0,Success,,,,,
ETH,2017-03-13 23:55:47,0x45cdc2f286a890f0e17d6a160b90444d50f00e1cfb87bc805baac6ec74889e63,3347063,0x0002b44ddb1476db43c868bd494422ee4c136fed,0x0b8d56c26d8cf16fe1bddf4967753503d974de06,0.0,27438,21.0,Success,,,,,
ETH,2017-03-13 23:48:30,0xc4ec230b79ccf05468ce02ddf1654768df15ca4cd2d380a9348c9cc9a291d71c,3347036,0x0002b44ddb1476db43c868bd494422ee4c136fed,0x0b8d56c26d8cf16fe1bddf4967753503d974de06,0.0,27515,21.0,Success,,,,,
ETH,2017-03-13 23:42:23,0xb7dfd5f3f4722d688355b1055d4af0288064a185972ba180f6610a1d1d570126,3347008,0x0002b44ddb1476db43c868bd494422ee4c136fed,0x0b8d56c26d8cf16fe1bddf4967753503d974de06,0.0,61668,21.0,Success,,,,,
ETH,2017-03-13 23:27:43,0x229e983238dfe2df9978f22ffac2d5b2e8d2001c83c66532df6456e39e2c8b57,3346953,0x0002b44ddb1476db43c868bd494422ee4c136fed,0x0b8d56c26d8cf16fe1bddf4967753503d974de06,0.0,27592,21.0,Success,,,,,
ETH,2017-01-27 12:58:43,0x578ec8e16a312a54e9e0136819125204b8dc07d69f179d7a53396aedea8de1f4,3073285,0x0002b44ddb1476db43c868bd494422ee4c136fed,0x0b8d56c26d8cf16fe1bddf4967753503d974de06,0.2,225012,20.0,Success,,,,,
ETH,2017-01-25 22:17:25,0xff3163953d15c16ea50aca799b6433b1fb35f942b5034767bd6d98cad7f4ca39,3063546,0x0002b44ddb1476db43c868bd494422ee4c136fed,0x0b8d56c26d8cf16fe1bddf4967753503d974de06,0.0,55070,20.0,Success,,,,,
ETH,2016-12-17 17:11:16,0x40a76af4afa3daba9ed9926e8c0a0b484d358af7cc5589c28a8782bb96498252,2826102,0x0002b44ddb1476db43c868bd494422ee4c136fed,0x909da579a531c9edcd947080d51434bb71d3ae40,0.5,21000,20.0,Success,,,,,
ETH,2016-12-17 16:22:51,0xe805ba71900d0a7519a5f2e9dc9d72fadb3b0864eed1964768f274ea54d6a676,2825878,0x32be343b94f860124dc4fee278fdcbd38c102d88,0x0002b44ddb1476db43c868bd494422ee4c136fed,2.61326879,333333,30.0,Success,,,,,
ERC20,2025-06-02 08:51:59,0x26c072c25deb8d85f952c215553649b42ee4df1c694f199284bce716a30ee45c,22615925,0x0002b44ddb1476db43c868bd494422ee4c136fed,0xd71baacbcb10720b16a63620605cb4b962c47d20,372.0196792860822,880142,2.078146734,Success,Ethereum Name Service,ENS,18,0xc18360217d8f7ab5e7c516566761ea12ce7f9d72,
ERC20,2025-04-28 06:19:47,0xde058b00893cd1072da7a447bc29bae482f989d5f47c6ed9a2c12d2a641427ba,22365730,0x0002b44ddb1476db43c868bd494422ee4c136fed,0x9ed181da6b359c3ee23c1d6912a6b4b0c349a165,372.0196792860822,963059,0.554234555,Success,Ethereum Name Service,ENS,18,0xc18360217d8f7ab5e7c516566761ea12ce7f9d72,
ERC20,2025-04-21 03:16:35,0x17f5d097c65511be99a083cae48de29f4dd695310c88617d41b4e6c54a0fe990,22314628,0xbaf930f4972f383a2976f02603af8284d5756927,0x0002b44ddb1476db43c868bd494422ee4c136fed,1000000.0,3541347,0.523621919,Success,Pump,PUMP,18,0xb6b15d694b07411823fe04ecd27399f18c521574,
ERC20,2025-03-17 14:05:11,0x0c31895c188a4c79292c73852673e1caefec9b04b61fa9768aae60dc146782ac,22067092,0x0002b44ddb1476db43c868bd494422ee4c136fed,0x7f6744f5bb65d9fd012e79f8f45a5e61179fc28d,6552.804102,94584,1.136234994,Success,USDC,USDC,6,0xa0b86991c6218b36c1d19d4a2e9eb0ce3606eb48,
ERC20,2025-03-17 14:03:23,0xb1c77d56ac19fa7773e16d1f64c1f1a278862e516a446e07b41ecca10b9f532e,22067083,0x111111125421ca6dc452d289314280a0f8842a65,0x0002b44ddb1476db43c868bd494422ee4c136fed,6552.804102,801181,0.667484044,Success,USDC,USDC,6,0xa0b86991c6218b36c1d19d4a2e9eb0ce3606eb48,
ERC20,2025-03-17 14:03:23,0xb1c77d56ac19fa7773e16d1f64c1f1a278862e516a446e07b41ecca10b9f532e,22067083,0x0002b44ddb1476db43c868bd494422ee4c136fed,0x64f2095cc11e4726078f4a64d4279c7e7fb7e6ec,400.0,801181,0.667484044,Success,Ethereum Name Service,ENS,18,0xc18360217d8f7ab5e7c516566761ea12ce7f9d72,
ERC20,2024-12-27 15:08:23,0xdcbc7729c3b51ac0a44692204f39148c9ce34bd79f04d29ec1142a1136035a90,21494593,0x0002b44ddb1476db43c868bd494422ee4c136fed,0x335dc0d086373919fbf5b3aae788baf36945477c,360.0,86130,14.058929838,Success,Uniswap,UNI,18,0x1f9840a85d5af5bf1d1762f925bdaddc4201f984,
ERC20,2024-08-20 23:56:35,0x26a6c56b8794a3b53c5787f5097586e915cd7b0bd7a49d80a12c0b46d0e6b5a4,20573254,0x88888c037df4527933fa8ab203a89e1e6e58db70,0x0002b44ddb1476db43c868bd494422ee4c136fed,700.0,6021270,0.933741335,Success,MillionDollarGoldBars,MDGB,18,0x258cff4edbf0c91ba5e66990522df02d7180d855,
ERC20,2024-07-09 08:39:35,0x9f86957093610d5c541d204068fef8af4223b425f834d43ccf7fc6137e7ee829,20267802,0xd152f549545093347a162dce210e7293f1452150,0x0002b44ddb1476db43c868bd494422ee4c136fed,297.89054368679996,27682949,3.969917855,Success,SAITABIT,SAITABIT,18,0x927402ab67c0cda3c187e9dfe34554ac581441f2,
ERC20,2024-02-04 19:55:23,0x7af3dd3199c28232c9dc82746780f613ccbd633a04113be9ab8bbe2b013eca4f,19157157,0x2d81713c58452c92c19b2917e1c770eecf53fe41,0x0002b44ddb1476db43c868bd494422ee4c136fed,7500.0,1600000,12.0,Success,$ DHT,Visit https://www.dhedge.app to claim rewards.,18,0x47651efc6a224f797dd665810c28ec00f8ca116b,
ERC20,2024-01-13 03:42:47,0xa27b339a1912fb0016a3e9366fe6c84b0ad1bd0908116193aa575efc5fe383ee,18995362,0xc18360217d8f7ab5e7c516566761ea12ce7f9d72,0x0002b44ddb1476db43c868bd494422ee4c136fed,237.34,3034831,13.7,Success,# enstoken.net,Visit enstoken.net to claim rewards,6,0x22e810c6aed30fa93c2d2b62f456e5f78e8918e1,
ERC20,2023-09-09 11:22:11,0x64931f16de9e519f95e6f7aeeebc7848408858ce38be500c32a9db3c32fdcf93,18098504,0x0002b44ddb1476db43c868bd494422ee4c136fed,0xfc546ac2b4e61e638a3d66f68fc11ce644710389,200.0,227301,9.872085636,Success,Rigo Token,GRG,18,0x4fbb350052bca5417566f188eb2ebce5b19bc964,
ERC20,2023-06-26 23:41:11,0x8bf113c07a19b78e907c45d362892ed55e8198f939671fb2e87c81736e487ae8,17566919,0x090d4613473dee047c3f2706764f49e0821d256e,0x0002b44ddb1476db43c868bd494422ee4c136fed,83514.873175768,300000,12.997120562,Success,$ aydom.pro,Rewards Token at https://aydom.pro,18,0x591953eed65c9d6b2ec4f4d5597b02ac0c7bb20d,
ERC20,2023-06-06 14:33:47,0x0d2e17ea16ec915de35b6c9dc4bdfeedbac9e3d5e02ec025806e25e3ff6c5dc5,17422024,0x0002b44ddb1476db43c868bd494422ee4c136fed,0x0ef836d363d2c65a3cea10912235e69fb4d3f625,100.0,77754,30.875174736,Success,Rigo Token,GRG,18,0x4fbb350052bca5417566f188eb2ebce5b19bc964,
ERC20,2023-05-26 07:50:59,0xc9cacbdb39d50da3c1cf49a0eacc6d290c7a844fb209501c2cbf3fd4eeaa6c89,17341905,0x92d6c1e31e14520e676a687f0a93788b716beff5,0x0002b44ddb1476db43c868bd494422ee4c136fed,122.0,1650000,24.948614901,Success,$ dydx2.pro,Visit https://dydx2.pro to claim reward,18,0x9a88079a1f33d8690054719ccace126b5a46cdc8,
ERC20,2023-01-17 11:25:59,0x64c88cd56efb1894b56d4ee8e9e4d74529224434d877f9ee0cb71ae51a7a6bc9,16426208,0xba782e9fbac2c7bfc1ce409b3909099b6ed61f80,0x0002b44ddb1476db43c868bd494422ee4c136fed,1100.495154137476,110410,16.46754021,Success,Ethereum Name Service,ENS,18,0xc18360217d8f7ab5e7c516566761ea12ce7f9d72,
ERC20,2022-11-28 02:25:11,0xd6d53276c78f8aa9c03b767a4dd0b55f630414d438750917b5e7956a3f0bc764,16065478,0x7951c7ef839e26f63da87a42c9a87986507f1c07,0x0002b44ddb1476db43c868bd494422ee4c136fed,8.0,1480123,9.0,Success,$  unibonus.org,815$ Visit unibonus.org to claim,0,0xd9cf4aa13d936ec4d91296babca34b3406d30e53,
ERC20,2022-11-05 13:57:47,0x9af833aab2a4445ee3d724ab66ba64a5fcf91e0f1d294004f2b3cc61a4cf661f,15904261,0x1646af152d2a9b8b5e1433ddb0c577ca4452189b,0x0002b44ddb1476db43c868bd494422ee4c136fed,2880.0,1569682,10.0,Success,aguni.xyz,Invitation token. Please Visit https://aguni.xyz a,18,0xdb43b407ff45be57510b43e534b364386ca902d7,
ERC20,2022-10-16 16:55:35,0xb04c5a5f0513589ad8a9b7f583156736e9199ace10eb93e65566f371bd576ece,15762004,0x0002b44ddb1476db43c868bd494422ee4c136fed,0x80182066dae413557261025af0573bdcb21ada1e,100.0,77754,13.086458104,Success,Rigo Token,GRG,18,0x4fbb350052bca5417566f188eb2ebce5b19bc964,
ERC20,2022-10-08 08:43:47,0xfedad9be205c9a3bfa695e33dc46f26de7d6857ea4df331722a1347da5c2fb52,15702253,0xf8fa91637ca8f6b5d46c26d6596ccbd9e335536d,0x0002b44ddb1476db43c868bd494422ee4c136fed,14912.0,3072919,4.0,Success,(abronz.com),Please Visit https://abronz.com and claim rewards.,18,0xac4607a2d8a2bfa721955a23d3f290b0e176612e,
ERC20,2022-09-17 09:37:11,0x04328bbd4ca70da54ae43b12675ed99f3e4fa8b63b273fe232ca6cf54a293747,15552455,0x3af4788ade7a75b90c0d8f59017f3ef56b51b84e,0x0002b44ddb1476db43c868bd494422ee4c136fed,1800.0,3383134,5.0,Success,unifork.org,unifork.org,18,0x3d238344a2ae66376a26300a58a4921b98d9640b,
ERC20,2022-09-01 09:07:21,0x6af28f847b4f29d3f879e41e3e4c9850bf39f27731e8a16a59f25d770c15ca76,15451998,0x674bdf20a0f284d710bc40872100128e2d66bd3f,0x0002b44ddb1476db43c868bd494422ee4c136fed,360.0,6432917,12.601754049,Success,Uniswap,UNI,18,0x1f9840a85d5af5bf1d1762f925bdaddc4201f984,
ERC20,2022-07-28 07:07:21,0x7ea9ee2ea36f1fcb51371095b7984dc96a4cceac57db3c55666697b2e07695b2,15229577,0xe974b2da9ceab7d39052bee42e615d1da73651ab,0x0002b44ddb1476db43c868bd494422ee4c136fed,995.0,89457,7.0,Success,Rigo Token,GRG,18,0x4fbb350052bca5417566f188eb2ebce5b19bc964,
ERC20,2022-07-28 07:07:21,0xa1113740389f8a133a73e662de920e4c20f36bcefacb3295497e423235d098a1,15229577,0xa7dff6f1078e5b3e7e2274be81f561696eb6187c,0x0002b44ddb1476db43c868bd494422ee4c136fed,995.0,89457,7.0,Success,Rigo Token,GRG,18,0x4fbb350052bca5417566f188eb2ebce5b19bc964,
ERC20,2022-07-28 07:03:03,0xe9666ae7577a2442580084ed34e93a0ba98fa4a5c8ced02a7e1b87f1a6c34094,15229550,0x122fefeda080371f2f44de2bc92c9b4997ef9a2d,0x0002b44ddb1476db43c868bd494422ee4c136fed,5000.0,89475,7.0,Success,Rigo Token,GRG,18,0x4fbb350052bca5417566f188eb2ebce5b19bc964,
ERC20,2022-07-28 07:03:03,0x56f6e0e11b9a8e5c7dfcf33a1c9320739ffe818cca865457922287469d91cc61,15229550,0x33d0af0ad2f5a0cceb7fb14d978519eabe90de17,0x0002b44ddb1476db43c868bd494422ee4c136fed,995.0,89457,7.0,Success,Rigo Token,GRG,18,0x4fbb350052bca5417566f188eb2ebce5b19bc964,
ERC20,2022-07-28 06:58:43,0x8a7c9fa7fe1f0b036fc497ddb3796fce801fc21a9d01e0302e4624505594178e,15229527,0x69bb24cfee787e9cfe33890e94931b51d6b5ec10,0x0002b44ddb1476db43c868bd494422ee4c136fed,5945.0,89475,7.0,Success,Rigo Token,GRG,18,0x4fbb350052bca5417566f188eb2ebce5b19bc964,
ERC20,2022-06-13 08:10:32,0x5fe699fd7fb0ea9cc900bc0d65ecd14e84f1294e58f65ea683597c6132d92865,14954936,0x0002b44ddb1476db43c868bd494422ee4c136fed,0xba782e9fbac2c7bfc1ce409b3909099b6ed61f80,1100.0,136033,69.83063104,Success,Ethereum Name Service,ENS,18,0xc18360217d8f7ab5e7c516566761ea12ce7f9d72,
ERC20,2022-06-13 07:33:56,0xa1dae893761bc2a134c86eec0416315b4642ebf776525712884fea04e6d50568,14954779,0x674bdf20a0f284d710bc40872100128e2d66bd3f,0x0002b44ddb1476db43c868bd494422ee4c136fed,1143.544,7674410,49.598606161,Success,Ethereum Name Service,ENS,18,0xc18360217d8f7ab5e7c516566761ea12ce7f9d72,
ERC20,2022-03-29 07:41:42,0x8b46a2b2b42a6280cec1ae1082ca7b290f1cf3932e343b757de7e795ac1ad996,14479830,0x0002b44ddb1476db43c868bd494422ee4c136fed,0x674bdf20a0f284d710bc40872100128e2d66bd3f,360.0,172863,29.296936738,Success,Uniswap,UNI,18,0x1f9840a85d5af5bf1d1762f925bdaddc4201f984,
ERC20,2022-03-05 09:46:10,0x8bb2ea4f41dcf5272a2db5d756be3553d340c3d6fbcf6be226a05cd57711a021,14326128,0x0002b44ddb1476db43c868bd494422ee4c136fed,0x674bdf20a0f284d710bc40872100128e2d66bd3f,1143.544,220000,20.074330546,Success,Ethereum Name Service,ENS,18,0xc18360217d8f7ab5e7c516566761ea12ce7f9d72,
ERC20,2021-12-20 13:09:35,0x18313ec9a9490397217b36dc31cba5e7ea25c8329b93f2e2f524fbf2ff749da8,13842207,0xf9d25eb4c75ed744596392cf89074afaa43614a8,0x0002b44ddb1476db43c868bd494422ee4c136fed,113054.0,116640,35.143009247,Success,Up1.org,Up1.org,18,0xf9d25eb4c75ed744596392cf89074afaa43614a8,
ERC20,2021-12-20 13:07:19,0x14ccbab66a094033da43f99393e3ce1ff5015c0082bfbe10c84a0260fa8f9594,13842193,0x0002b44ddb1476db43c868bd494422ee4c136fed,0x470e8de2ebaef52014a47cb5e6af86884947f08c,200.0,139827,34.902699031,Success,FOX,FOX,18,0xc770eefad204b5180df6a14ee197d99d808ee52d,
ERC20,2021-12-02 06:57:47,0x78563cf2396ed3e6c2c1079921b70003d5bb8dd8f6c308c6143e82f1b406b900,13725913,0x1412eca9dc7daef60451e3155bb8dbf9da349933,0x0002b44ddb1476db43c868bd494422ee4c136fed,93989.28000000001,1465608,99.504691378,Success,A68.net,A68.net,18,0x1412eca9dc7daef60451e3155bb8dbf9da349933,
ERC20,2021-11-09 09:56:12,0xbd393d6b7924b6fd0b3fa48f6957c8fdcb36dbaeff99044cb0d9100cb6675856,13581496,0xc18360217d8f7ab5e7c516566761ea12ce7f9d72,0x0002b44ddb1476db43c868bd494422ee4c136fed,1143.5442044346883,170566,109.266015362,Success,Ethereum Name Service,ENS,18,0xc18360217d8f7ab5e7c516566761ea12ce7f9d72,
ERC20,2021-08-08 11:20:42,0xd9769ab5b87773c04df57b87015d8550c1e348610936a6de364a78f8e1ac5107,12984132,0x4c20cdadbcae364edc03e2b90f09eb97d08ce3c8,0x0002b44ddb1476db43c868bd494422ee4c136fed,200.0,106382,24.1,Success,FOX,FOX,18,0xc770eefad204b5180df6a14ee197d99d808ee52d,
ERC20,2021-04-30 06:18:13,0x0616a6b287bc5fdb0be7f48855baddd5720bf35971a82a6e98d3e5c7ae0336ae,12340182,0x0002b44ddb1476db43c868bd494422ee4c136fed,0xd3d2e2692501a5c9ca623199d38826e513033a17,40.0,157639,39.000001459,Success,Uniswap,UNI,18,0x1f9840a85d5af5bf1d1762f925bdaddc4201f984,
ERC20,2020-12-05 05:15:07,0xaa655055e913a88dd4253a6388cf04b664ad801e9e90c4d17abf96f422ad42a1,11390678,0x0b5a154ede20e3312a6e8e615e99872aaf2b4872,0x0002b44ddb1476db43c868bd494422ee4c136fed,0.95,3919384,23.0,Success,t.me/waronrugdegentoken,WORDegen,18,0xd5ca6dd8a55a0a3ff0076bbf5a8fe89d3bbcb622,
ERC20,2020-11-27 05:16:56,0x8f2f3d0a85aada9ac2d753b1e19dc0e6816bf0fc517ec5fd4d89944f25fc9426,11338621,0xae3a526de35d01c2a399995c18b620a48e965e1f,0x0002b44ddb1476db43c868bd494422ee4c136fed,1.0,3008885,21.0,Success,baseprotocol.org,BASE,18,0x12c765e05146414fa948b9dcf934277247a59ef1,
ERC20,2020-11-07 06:13:05,0x2574327806037313213dc7f5e2d9b5b9ae9830d47b44b217a8a47b9325e831a3,11208601,0xb0e35901c2b25304d42db099adc3ca163f3ff164,0x0002b44ddb1476db43c868bd494422ee4c136fed,10.0,3381518,24.0,Success,Andre KP9R,aKP9R,18,0x0297083eef9c04ee22c89187b13363af2249042b,
ERC20,2020-09-26 11:44:32,0x9fc3d4cb1660c8f1dc5c2bc9e80fbedbde00f11c510aff8dc48a049da7a80407,10938051,0x090d4613473dee047c3f2706764f49e0821d256e,0x0002b44ddb1476db43c868bd494422ee4c136fed,400.0,89981,53.000001459,Success,Uniswap,UNI,18,0x1f9840a85d5af5bf1d1762f925bdaddc4201f984,
ERC20,2020-04-07 09:33:14,0x5928f1636fb621355e438d80c14950c62eefb6be23781801277335bbf60b0fe4,9824190,0x0002b44ddb1476db43c868bd494422ee4c136fed,0xaa5bbd5a177a588b9f213505ca3740b444dbd586,10.0,362868,7.5,Success,Rigo Token,GRG,18,0x4fbb350052bca5417566f188eb2ebce5b19bc964,
ERC20,2020-02-22 15:19:16,0x64354d4519482c1a1f695b1c9e7160c83a6df75d8e0cacdda27bec1f351e3914,9533896,0x0002b44ddb1476db43c868bd494422ee4c136fed,0x33d0af0ad2f5a0cceb7fb14d978519eabe90de17,995.0,240136,1.2,Success,Rigo Token,GRG,18,0x4fbb350052bca5417566f188eb2ebce5b19bc964,
ERC20,2020-02-22 15:19:16,0x04078417364457baac6118e41fd8ceb821fd5f33f3b21337180404745a80b88f,9533896,0x0002b44ddb1476db43c868bd494422ee4c136fed,0xe974b2da9ceab7d39052bee42e615d1da73651ab,995.0,240136,1.2,Success,Rigo Token,GRG,18,0x4fbb350052bca5417566f188eb2ebce5b19bc964,
ERC20,2020-02-22 15:17:48,0x9eda2f7e1afdc712a6bc60b8159127e32a78d56d27bb99e25f312bf22cee2082,9533889,0x0002b44ddb1476db43c868bd494422ee4c136fed,0xa7dff6f1078e5b3e7e2274be81f561696eb6187c,995.0,240136,1.2,Success,Rigo Token,GRG,18,0x4fbb350052bca5417566f188eb2ebce5b19bc964,
ERC20,2020-02-22 15:13:56,0xba655e33b6af3f60959d849b6a6604fa48685f9dcadd4359af3c9b240691e85f,9533871,0xa34fbd1f01f02a54086531603eda8ce415fc52f3,0x0002b44ddb1476db43c868bd494422ee4c136fed,2984.9999999999995,56586,1.2,Success,Rigo Token,GRG,18,0x4fbb350052bca5417566f188eb2ebce5b19bc964,
ERC20,2020-02-22 14:55:10,0x94763c626b4e0eacb4c1c9f4f184a7c19335441032ea48d5157c687eeb241a02,9533788,0x0002b44ddb1476db43c868bd494422ee4c136fed,0x122fefeda080371f2f44de2bc92c9b4997ef9a2d,5000.0,240154,1.2,Success,Rigo Token,GRG,18,0x4fbb350052bca5417566f188eb2ebce5b19bc964,
ERC20,2020-02-22 14:53:22,0xf800fa9c73c82fde8ef8138cc0b7233fe23b99c918ef9fbe26bea66299607ddc,9533778,0x0002b44ddb1476db43c868bd494422ee4c136fed,0x69bb24cfee787e9cfe33890e94931b51d6b5ec10,5945.0,240154,1.2,Success,Rigo Token,GRG,18,0x4fbb350052bca5417566f188eb2ebce5b19bc964,
ERC20,2020-02-22 14:40:48,0x44a1cdee14e1195d8d7c7a9621ec7fdb8ea1cd2b5e93cbbc07992adfd9761b1d,9533724,0xa34fbd1f01f02a54086531603eda8ce415fc52f3,0x0002b44ddb1476db43c868bd494422ee4c136fed,10945.0,56604,2.0,Success,Rigo Token,GRG,18,0x4fbb350052bca5417566f188eb2ebce5b19bc964,
ERC20,2020-01-28 15:04:37,0x1d6cd860fa0f5e76f41531345e674b523e055b244b3992573a9fb0e144f3483d,9371223,0x0002b44ddb1476db43c868bd494422ee4c136fed,0x1261e742ee98a873c28d3cd8524ee89b9f65c5f9,876.603932,79122,1.3,Success,Rigo Token,GRG,18,0x4fbb350052bca5417566f188eb2ebce5b19bc964,
ERC20,2020-01-28 15:04:37,0x0be1cf09bf5630e6f5cc1d30806728afa270b196094fa61665d18f88dc888b74,9371223,0x0002b44ddb1476db43c868bd494422ee4c136fed,0x4e39047a8b96181ac1d7e36664d76b5bbaa6364e,811.1523420000001,79104,1.3,Success,Rigo Token,GRG,18,0x4fbb350052bca5417566f188eb2ebce5b19bc964,
ERC20,2020-01-28 15:04:37,0x9bc944010a42f9a1553a0628df4da4e904f1804bffdb08cd738213e9d90dda62,9371223,0x0002b44ddb1476db43c868bd494422ee4c136fed,0x8ccf91aa1def5db7186a44865a8de5932366aaf0,830.2719430000001,79122,1.3,Success,Rigo Token,GRG,18,0x4fbb350052bca5417566f188eb2ebce5b19bc964,
ERC20,2020-01-28 15:04:37,0xb99eb08c686627dc30a4a0cfe54d743de2aa7677425796b9f74a61a0eba2e65f,9371223,0x0002b44ddb1476db43c868bd494422ee4c136fed,0x98e69de0b2cf2f3a26997bb7d48e8f4ff183ebab,804.389427,79122,1.3,Success,Rigo Token,GRG,18,0x4fbb350052bca5417566f188eb2ebce5b19bc964,
ERC20,2020-01-28 15:04:37,0xb6c1a075a6f891d9c1baad2baa97e88d8cb0c67c253b0e1dfd771ca06d96d625,9371223,0x0002b44ddb1476db43c868bd494422ee4c136fed,0x58caee2deb0627d38e5025f6efd1e6e4c8628b0e,874.791121,79122,1.3,Success,Rigo Token,GRG,18,0x4fbb350052bca5417566f188eb2ebce5b19bc964,
ERC20,2020-01-28 15:04:37,0x7919cc927a90fb2c372ea1c51fb8a4d04db33f4aef4098dae2b5bff844e8db5b,9371223,0x0002b44ddb1476db43c868bd494422ee4c136fed,0x9f73eb22250a5229f94c67920e98b26ad05c6f7e,977.637536,79104,1.3,Success,Rigo Token,GRG,18,0x4fbb350052bca5417566f188eb2ebce5b19bc964,
ERC20,2020-01-28 15:04:37,0xcae0d5895a3276db32e004e7f424ab9341873aaf40a7eafa641ba62e1705c9ca,9371223,0x0002b44ddb1476db43c868bd494422ee4c136fed,0x91c8cf17539e7deb0ee4b758679b0478edd575da,824.848981,79122,1.3,Success,Rigo Token,GRG,18,0x4fbb350052bca5417566f188eb2ebce5b19bc964,
ERC20,2020-01-28 15:04:37,0x921bd8a4c536e7ec14594b37e14f8771d2726292ec892908e838234514e3b5d6,9371223,0x0002b44ddb1476db43c868bd494422ee4c136fed,0x10e81b32386f59405e4393f0cb8d4afd1abacdd7,940.264261,79122,1.3,Success,Rigo Token,GRG,18,0x4fbb350052bca5417566f188eb2ebce5b19bc964,
ERC20,2020-01-28 15:04:37,0x887b07cfe0c2c7395099d20aadd07f856dd445dddfdeba5a41da719eb97d0fab,9371223,0x0002b44ddb1476db43c868bd494422ee4c136fed,0x402c470474d7e31e288a22899365c1275f3775fd,909.743982,79122,1.3,Success,Rigo Token,GRG,18,0x4fbb350052bca5417566f188eb2ebce5b19bc964,
ERC20,2020-01-28 15:04:37,0x03543610f4246d7264805b550bef4d83c8613a57d10e91173aed964274c18572,9371223,0x0002b44ddb1476db43c868bd494422ee4c136fed,0x16423ce3951e3e7c52527ae25bbab9b3ab6ccfde,812.2222810000001,79122,1.3,Success,Rigo Token,GRG,18,0x4fbb350052bca5417566f188eb2ebce5b19bc964,
ERC20,2020-01-28 15:04:37,0xb9b5916ea4f29a09c78d1a430e58225b73936b68732287a36483bb98985aa076,9371223,0x0002b44ddb1476db43c868bd494422ee4c136fed,0x677fd28197b22d0c19d27039d7203dd80cbb08f6,920.804902,79122,1.3,Success,Rigo Token,GRG,18,0x4fbb350052bca5417566f188eb2ebce5b19bc964,
ERC20,2020-01-28 15:04:37,0xdd6a578d3a9aa0e33d966e7a7e27ba126e02bc630bed633d8626cd886ff460df,9371223,0x0002b44ddb1476db43c868bd494422ee4c136fed,0x0637fe0ed253da75eea7a8fc87386bcfee4d0a11,907.877949,79122,1.3,Success,Rigo Token,GRG,18,0x4fbb350052bca5417566f188eb2ebce5b19bc964,
ERC20,2020-01-28 15:04:37,0x5c30f7206f3660774a8a04d15dc6a1b9eba994a0f06cd61c5b1436c897360d06,9371223,0x0002b44ddb1476db43c868bd494422ee4c136fed,0x84cf58084cb2903ed2bcfe05d6d1f5a7d1f5f2bb,908.9845640000001,79122,1.3,Success,Rigo Token,GRG,18,0x4fbb350052bca5417566f188eb2ebce5b19bc964,
ERC20,2020-01-28 15:04:37,0x60d2ae7898e8c0cdde5227241ee8b23cae95935bcd8b24640927984a5d82b5ba,9371223,0x0002b44ddb1476db43c868bd494422ee4c136fed,0xb9d010184109fb424c6f174d63d53a8b6a330e56,879.603886,79122,1.3,Success,Rigo Token,GRG,18,0x4fbb350052bca5417566f188eb2ebce5b19bc964,
ERC20,2020-01-28 15:04:37,0x955abd53f8e5db7baa1e243a7716e6bb8e2f4fdec7ce378173062a3fb35597bb,9371223,0x0002b44ddb1476db43c868bd494422ee4c136fed,0x758c1303c0e7a2223296f8f2dfca8a280b33750a,965.6127819999999,79122,1.3,Success,Rigo Token,GRG,18,0x4fbb350052bca5417566f188eb2ebce5b19bc964,
ERC20,2020-01-28 15:04:37,0x1a7a04b14fb1509eb06d9dbecefe007fabd9fbf89fec4d45d7bb2f51bd27c1e9,9371223,0x0002b44ddb1476db43c868bd494422ee4c136fed,0x7e9df1a8ba2fafd96f4c3c186968732e75e54da9,841.656691,79122,1.3,Success,Rigo Token,GRG,18,0x4fbb350052bca5417566f188eb2ebce5b19bc964,
ERC20,2020-01-28 14:23:23,0xc126c3af113eb97f620b1a97e0659293eff7a66b83930c743abed5f6a342fa2b,9371052,0xa34fbd1f01f02a54086531603eda8ce415fc52f3,0x0002b44ddb1476db43c868bd494422ee4c136fed,13020.000000000002,56604,1.5,Success,Rigo Token,GRG,18,0x4fbb350052bca5417566f188eb2ebce5b19bc964,
ERC20,2020-01-28 14:03:19,0x9b82131125762aafc3a113cd5bf54545e2e100532311a3068cad64bdd2323fdd,9370958,0x0002b44ddb1476db43c868bd494422ee4c136fed,0x28cfdda5b695e96ae2d16ff30c664a26192e3798,770.104068,79122,1.3,Success,Rigo Token,GRG,18,0x4fbb350052bca5417566f188eb2ebce5b19bc964,
ERC20,2020-01-28 14:03:19,0xd4c8992590dc2aa38c2cdd347751607119aeaf37a27058304403982986870ce5,9370958,0x0002b44ddb1476db43c868bd494422ee4c136fed,0xf7aff7b407f1a40a62cfeb0b3408545e6c628107,856.286292,79122,1.3,Success,Rigo Token,GRG,18,0x4fbb350052bca5417566f188eb2ebce5b19bc964,
ERC20,2020-01-28 14:01:09,0xc084277f2571927fa4e043de338c6b89feeffe16864a031a7f9d2b96cd1d1edd,9370945,0x0002b44ddb1476db43c868bd494422ee4c136fed,0x08bdc6963f1c71f0c246d078db609d48f829f83c,756.728678,79122,1.3,Success,Rigo Token,GRG,18,0x4fbb350052bca5417566f188eb2ebce5b19bc964,
ERC20,2020-01-28 14:01:09,0x097136ccb15c0ecff24d3397d0889cdaff78521714f32a23ae7ec819fc47db26,9370945,0x0002b44ddb1476db43c868bd494422ee4c136fed,0x32ba4f1c636d5e373441199b499ecedf25f3979e,843.3652619999999,79122,1.3,Success,Rigo Token,GRG,18,0x4fbb350052bca5417566f188eb2ebce5b19bc964,
ERC20,2020-01-28 14:01:09,0x30b1d2f127f2d3b964dd6d8bfb75b38265d72ca5eaf2ed969ab165c96b767141,9370945,0x0002b44ddb1476db43c868bd494422ee4c136fed,0x987df9922749ee5ad65964327c3f7e1a7246031a,777.049901,79122,1.3,Success,Rigo Token,GRG,18,0x4fbb350052bca5417566f188eb2ebce5b19bc964,
ERC20,2020-01-28 13:59:40,0x73951f6f99fdedadcd3e3a31427e91a759d9ab59626e2c02dc6e136230bd8574,9370937,0x0002b44ddb1476db43c868bd494422ee4c136fed,0xc8de4947fff68fe6a57215c1ffd9c782c2614a64,790.47613,79122,1.3,Success,Rigo Token,GRG,18,0x4fbb350052bca5417566f188eb2ebce5b19bc964,
ERC20,2020-01-28 13:59:39,0xa2d5580c14bae5faa0aca8beaec55bd002e42a9bae335cb627cdfc8f391f4eb4,9370936,0x0002b44ddb1476db43c868bd494422ee4c136fed,0x9b39699f0fd2dc0605b7dbba5ac66c7a5652e226,800.3961549999999,79122,1.3,Success,Rigo Token,GRG,18,0x4fbb350052bca5417566f188eb2ebce5b19bc964,
ERC20,2020-01-28 13:59:39,0xfaf6286a6b95a8e76ddd44f2d390b430b2bff45a7ea83cbb1c3e727a84cd8832,9370936,0x0002b44ddb1476db43c868bd494422ee4c136fed,0x266710d9e829c6d4e628202d644252d7f281404b,754.201123,79122,1.3,Success,Rigo Token,GRG,18,0x4fbb350052bca5417566f188eb2ebce5b19bc964,
ERC20,2020-01-28 13:59:39,0xecbc1a806adb11b9e691dce6bf3685b5970e5c1123e4a3af5e27528075fb0fc3,9370936,0x0002b44ddb1476db43c868bd494422ee4c136fed,0x8c85c25edc581517b8b4a90712f950c6046f97bb,750.529086,79122,1.3,Success,Rigo Token,GRG,18,0x4fbb350052bca5417566f188eb2ebce5b19bc964,
ERC20,2020-01-28 13:59:39,0x7db61ee08a0abbf08ab4bc03e66122e6a9f0e1c433b364eb0fb5e01de09f4243,9370936,0x0002b44ddb1476db43c868bd494422ee4c136fed,0x6225a5d89bf58e9f5807b12232c584ccf0d199a9,805.8818829999999,79122,1.3,Success,Rigo Token,GRG,18,0x4fbb350052bca5417566f188eb2ebce5b19bc964,
ERC20,2020-01-28 13:59:39,0xc37327911744073e01bb2be86a2ac6d719b0f3b30ee7788d9a21397e9863ef82,9370936,0x0002b44ddb1476db43c868bd494422ee4c136fed,0x31ef87d219cbe91e76fe407610081801bb026e29,774.523996,79122,1.3,Success,Rigo Token,GRG,18,0x4fbb350052bca5417566f188eb2ebce5b19bc964,
ERC20,2020-01-28 13:59:39,0x2878ee8fa461234c04049a61bc475bd628d0f63fa3f4baddf2d8d5a00c5aac45,9370936,0x0002b44ddb1476db43c868bd494422ee4c136fed,0x5d344f7b1a1f62298a9e3a49c654c050c0295de3,729.416369,79122,1.3,Success,Rigo Token,GRG,18,0x4fbb350052bca5417566f188eb2ebce5b19bc964,
ERC20,2020-01-28 13:56:02,0xa880c3780fc506a5b9f4300645cce2ee06e8b5a14a5a2c27ee7338ea25d9bc5b,9370920,0x0002b44ddb1476db43c868bd494422ee4c136fed,0x76eb1d2f7b77fdf1548edc6ccb69517367d0a241,755.407363,79122,1.3,Success,Rigo Token,GRG,18,0x4fbb350052bca5417566f188eb2ebce5b19bc964,
ERC20,2020-01-28 13:54:55,0x699d61a689fc0acaf47506d6d648194093bbdace8441236d8233299f3f771d51,9370915,0x0002b44ddb1476db43c868bd494422ee4c136fed,0xd25b64aca9b935b42f5ef0bf9eeca3e326233252,836.91286,79104,1.3,Success,Rigo Token,GRG,18,0x4fbb350052bca5417566f188eb2ebce5b19bc964,
ERC20,2020-01-28 13:54:50,0x153c8669d41f44a962c3c8110b504294a018ba0731b5a00d5cd780f0558a4f16,9370914,0x0002b44ddb1476db43c868bd494422ee4c136fed,0x104f8a2813a8c642903fd1d1e365a984542be87b,732.196451,79122,1.3,Success,Rigo Token,GRG,18,0x4fbb350052bca5417566f188eb2ebce5b19bc964,
ERC20,2020-01-28 13:54:50,0x2bcbe381ed69f8a79fb5c3b232a308ec5863224a907f801cbe846d4cdb153a3b,9370914,0x0002b44ddb1476db43c868bd494422ee4c136fed,0x5932bfaf678169e364d14eb6295521a1f1c63738,852.792699,79122,1.3,Success,Rigo Token,GRG,18,0x4fbb350052bca5417566f188eb2ebce5b19bc964,
ERC20,2020-01-28 13:54:50,0x0c16407479744ffc9a0beae87cacff7bdab6ed0cf9439249248649592b7271ea,9370914,0x0002b44ddb1476db43c868bd494422ee4c136fed,0x427f2fe237a89d7331d127ecb0ad750cdf536abd,744.5742389999999,79122,1.3,Success,Rigo Token,GRG,18,0x4fbb350052bca5417566f188eb2ebce5b19bc964,
ERC20,2020-01-28 13:54:50,0x7c6128b2cc0afc79de8544b814d3a118e2c26afef03988c007d8bf73e4fa0f0a,9370914,0x0002b44ddb1476db43c868bd494422ee4c136fed,0xa2ec105880b1621a2e3489de9048f2043feab27f,776.810351,79122,1.3,Success,Rigo Token,GRG,18,0x4fbb350052bca5417566f188eb2ebce5b19bc964,
ERC20,2020-01-28 13:54:50,0x2de4f49d13f6d2e6e8dae52cdccc96fde484d100718429206eb72d2d979d5d00,9370914,0x0002b44ddb1476db43c868bd494422ee4c136fed,0x16690dc29ac5149f55fd554e339979e692c388e8,794.4640159999999,79104,1.3,Success,Rigo Token,GRG,18,0x4fbb350052bca5417566f188eb2ebce5b19bc964,
ERC20,2020-01-28 13:54:50,0x25ca1256b5f996202c78a7786222b7e5474befefe370baf30a2412675b152d33,9370914,0x0002b44ddb1476db43c868bd494422ee4c136fed,0x0149ee59d23731f1130adab3d44cba313ba5ac4a,762.669707,79122,1.3,Success,Rigo Token,GRG,18,0x4fbb350052bca5417566f188eb2ebce5b19bc964,
ERC20,2020-01-28 13:54:50,0x48538763633fe16ff207f1e81213979aa56167b4e148995095f02956e17e3f37,9370914,0x0002b44ddb1476db43c868bd494422ee4c136fed,0xdd569897c2cd304441b358ae239197e0ef683df5,780.769133,79122,1.3,Success,Rigo Token,GRG,18,0x4fbb350052bca5417566f188eb2ebce5b19bc964,
ERC20,2020-01-28 13:54:50,0x4a0cbfc4730264cda7e2b1063f5e88a0dec03cd2ad2f850672cdee2097f3144a,9370914,0x0002b44ddb1476db43c868bd494422ee4c136fed,0xa3486af8b5da330b3bacca949b613b1043628e67,805.041381,79122,1.3,Success,Rigo Token,GRG,18,0x4fbb350052bca5417566f188eb2ebce5b19bc964,
ERC20,2020-01-28 13:54:43,0x99a22445d0c45169097763698d143c5b4bfb3bd47f9c1fba18ae5b27bdd2c3d3,9370912,0x0002b44ddb1476db43c868bd494422ee4c136fed,0x97f0e5ab54df5813b99ecb4d540eec615ba1e395,773.772834,79122,1.3,Success,Rigo Token,GRG,18,0x4fbb350052bca5417566f188eb2ebce5b19bc964,
ERC20,2020-01-28 13:54:43,0xb54b79688ffda01f2cc79ccbf2f05ad8bcde6f8e7676f026dd67aefafe7b1e54,9370912,0x0002b44ddb1476db43c868bd494422ee4c136fed,0x41c91e18e120aad6781ab9cc80ade11d72c30ae9,754.7919710000001,79122,1.3,Success,Rigo Token,GRG,18,0x4fbb350052bca5417566f188eb2ebce5b19bc964,
ERC20,2020-01-28 13:07:24,0x6ccb6215f8f8afdc9a82d3379148c87dabaf7c5b5128456e42f26eba6ad25d26,9370714,0xa34fbd1f01f02a54086531603eda8ce415fc52f3,0x0002b44ddb1476db43c868bd494422ee4c136fed,20000.0,56604,1.3,Success,Rigo Token,GRG,18,0x4fbb350052bca5417566f188eb2ebce5b19bc964,
ERC20,2020-01-14 20:46:45,0x0f10cc0bcd9220f8aafe2723e3b965c1068db0c14c82f82ab70543d1e514d28a,9281408,0x0002b44ddb1476db43c868bd494422ee4c136fed,0x4edcfa4e891a79af2785c0ea19b08f8a681bb601,1000.0,79104,1.2,Success,Rigo Token,GRG,18,0x4fbb350052bca5417566f188eb2ebce5b19bc964,
ERC20,2020-01-14 20:44:50,0x20a84aa5c3d9670364ce67311d0456080ad6cdbffa6755536f125e52cdf5bcee,9281394,0x0002b44ddb1476db43c868bd494422ee4c136fed,0xe5241782d2b10d6d48aeaf9ace9a7a157530cca9,1000.0,79104,1.2,Success,Rigo Token,GRG,18,0x4fbb350052bca5417566f188eb2ebce5b19bc964,
ERC20,2020-01-14 20:44:14,0x46bee9dcafa42e8b369043b15fa7ee81ecf5e289136a92bf6d90edf41ef9c92f,9281391,0x0002b44ddb1476db43c868bd494422ee4c136fed,0xdffe0a577936623c67bc6fbe172e51887059d169,1000.0,79104,1.2,Success,Rigo Token,GRG,18,0x4fbb350052bca5417566f188eb2ebce5b19bc964,
ERC20,2020-01-14 20:43:54,0xd6e7efdac77545e7d762ea276a71396b9c61b57dc54980eba9fea5eb64baaa74,9281388,0x0002b44ddb1476db43c868bd494422ee4c136fed,0x0686b0870b248ce458b0e2b71ad5d94d298d3260,1000.0,79104,1.2,Success,Rigo Token,GRG,18,0x4fbb350052bca5417566f188eb2ebce5b19bc964,
ERC20,2020-01-14 20:43:54,0x922ddbe18106aeb9d37068eb3fc928c90abfbe5fc03c8c78fe36d2de091d5307,9281388,0x0002b44ddb1476db43c868bd494422ee4c136fed,0x92b222d18906a58110fa9de139a0abe3f38f148a,1000.0,79104,1.2,Success,Rigo Token,GRG,18,0x4fbb350052bca5417566f188eb2ebce5b19bc964,
ERC20,2020-01-14 20:42:20,0x21ee61c63b9236adc135b5a195d526ad1c58e79146879941742b77ff5d31b51b,9281383,0x0002b44ddb1476db43c868bd494422ee4c136fed,0xead521844dfa6633feb53d8a1d4e84b509ea2c06,1000.0,79104,1.2,Success,Rigo Token,GRG,18,0x4fbb350052bca5417566f188eb2ebce5b19bc964,
ERC20,2020-01-14 20:42:20,0x0088ffa44eb3a652fc46a8590c32fdead1685a22d0e8ae404792bf43be2c14c1,9281383,0x0002b44ddb1476db43c868bd494422ee4c136fed,0x768ccc50abb9793b1cdd5262bc287cefb6cfe2c2,1000.0,79104,1.2,Success,Rigo Token,GRG,18,0x4fbb350052bca5417566f188eb2ebce5b19bc964,
ERC20,2020-01-14 20:42:02,0x98689b84ecc2a851381043064065a0e453f0c21c4be94d4bab2b60d8c46ea5b2,9281381,0x0002b44ddb1476db43c868bd494422ee4c136fed,0x991c180ede3c548e249b7a7f895cc7e872e3681b,1000.0,79104,1.2,Success,Rigo Token,GRG,18,0x4fbb350052bca5417566f188eb2ebce5b19bc964,
ERC20,2020-01-14 20:42:02,0x71489c129d18c20eddb6c9c7d829cbba17db051d3b58166ad30e80f2b7fd3a7d,9281381,0x0002b44ddb1476db43c868bd494422ee4c136fed,0x363ca2ab35bc7e2a5821e8750ac80e394757762e,1000.0,79104,1.2,Success,Rigo Token,GRG,18,0x4fbb350052bca5417566f188eb2ebce5b19bc964,
ERC20,2020-01-14 20:41:36,0x74579347f944eaa1181f6c81819efaa248aca45b9c65abf5ec32ad7233188d3f,9281379,0x0002b44ddb1476db43c868bd494422ee4c136fed,0xf29d8bc18a3bbf1d1ae0cd959a70a2255a7d9d5c,1000.0,79104,1.2,Success,Rigo Token,GRG,18,0x4fbb350052bca5417566f188eb2ebce5b19bc964,
ERC20,2020-01-14 20:40:24,0x6b394223074643e022c2c32b8262a2e2bd7d8b467fccb7ad76536c4779b0430c,9281376,0x0002b44ddb1476db43c868bd494422ee4c136fed,0x9defe2df1d8a2dac3a41cccbbc4e101937c263a2,1000.0,79104,1.2,Success,Rigo Token,GRG,18,0x4fbb350052bca5417566f188eb2ebce5b19bc964,
ERC20,2020-01-14 20:39:55,0x7593c139cfb348f2e7e82471de15f4379c2159c4e8d9944fb389fff65d67a89e,9281373,0x0002b44ddb1476db43c868bd494422ee4c136fed,0x0a6cdf050243d1ffe8758c34e5ccc0671b356f81,1000.0,79104,1.2,Success,Rigo Token,GRG,18,0x4fbb350052bca5417566f188eb2ebce5b19bc964,
ERC20,2020-01-14 20:39:55,0x568599574412d80c5a546092725d18ebee88dca1fc0997825e32b6a51e7642b9,9281373,0x0002b44ddb1476db43c868bd494422ee4c136fed,0xd9e8398a7e66f76d7e6ac2df39c3d45eabb6687a,1000.0,79104,1.2,Success,Rigo Token,GRG,18,0x4fbb350052bca5417566f188eb2ebce5b19bc964,
ERC20,2020-01-14 20:39:32,0x15aa40895c142ad0f5cc53a5765b5c09da709134d135c91dab12e484f71e72a2,9281370,0x0002b44ddb1476db43c868bd494422ee4c136fed,0xaf9aea5d53f2b7e19a40b97a2975edd5dd1ec48a,1000.0,79104,1.2,Success,Rigo Token,GRG,18,0x4fbb350052bca5417566f188eb2ebce5b19bc964,
ERC20,2020-01-14 20:38:19,0xfb9112587c2037563455ab105b3b8f130dbfe67b5ec5879fcb8a9e433aa6c730,9281366,0x0002b44ddb1476db43c868bd494422ee4c136fed,0xc13baeb9cbcee26b2a17cb7e36a2d0aeb579f618,1000.0,79104,1.2,Success,Rigo Token,GRG,18,0x4fbb350052bca5417566f188eb2ebce5b19bc964,
ERC20,2020-01-14 20:37:19,0x9b08040466ed233a6eb2614d3f28d66f8c610b6a4a5ab96402d7ecb272d546f6,9281361,0x0002b44ddb1476db43c868bd494422ee4c136fed,0x27867474b6167088de8bef6d463c0a593c0b6778,1000.0,79104,1.2,Success,Rigo Token,GRG,18,0x4fbb350052bca5417566f188eb2ebce5b19bc964,
ERC20,2020-01-14 20:37:19,0xb50162ad25b8b7b68805c4f891fac27424d481a11753cfb62d70da3682088331,9281361,0x0002b44ddb1476db43c868bd494422ee4c136fed,0x63a09f7ec17fb22132738c0170da3a66b0f6e15d,1000.0,79104,1.2,Success,Rigo Token,GRG,18,0x4fbb350052bca5417566f188eb2ebce5b19bc964,
ERC20,2020-01-14 20:37:19,0xd1f1d0c4f8e713f05dc62bc262af3479ccb4fa5d08e554f7a88ddf8c280e0922,9281361,0x0002b44ddb1476db43c868bd494422ee4c136fed,0x913b5b411b01a9f765f2d4796edbd651c0433c52,1000.0,79104,1.2,Success,Rigo Token,GRG,18,0x4fbb350052bca5417566f188eb2ebce5b19bc964,
ERC20,2020-01-14 20:35:57,0x4ee9dd3129d46f7737d36aa47061e8ce3f5352d105192749b3d13be487fdaa42,9281357,0x0002b44ddb1476db43c868bd494422ee4c136fed,0xc901dfb6791c3adea26ade695608f95eb858ef6a,1000.0,79104,1.2,Success,Rigo Token,GRG,18,0x4fbb350052bca5417566f188eb2ebce5b19bc964,
ERC20,2020-01-14 20:35:35,0xe49863fc5f8b2cf10974a2470b82a85e639ff6be534f280e9fb23dd174dd7478,9281355,0x0002b44ddb1476db43c868bd494422ee4c136fed,0x8d39b38f4580053c063866e4e50926479a31b894,1000.0,79104,1.2,Success,Rigo Token,GRG,18,0x4fbb350052bca5417566f188eb2ebce5b19bc964,
ERC20,2020-01-14 20:33:08,0x27bbb0ad04dd7bf6ce2f014b350be051daf47caef9551ce581dc46b6649ce2a1,9281347,0xa34fbd1f01f02a54086531603eda8ce415fc52f3,0x0002b44ddb1476db43c868bd494422ee4c136fed,20000.0,56604,1.2,Success,Rigo Token,GRG,18,0x4fbb350052bca5417566f188eb2ebce5b19bc964,
ERC20,2020-01-09 08:44:51,0x0ddeee15c1e921dcc122003e9bc5e6806083872b3e5e27d4e3b758dc2464a349,9245451,0xee5e8d2357a29f4a85a938679233fe24fbc2cf1d,0x0002b44ddb1476db43c868bd494422ee4c136fed,2.9252955189363385,116350,2.0,Success,Rigo Token,GRG,18,0x4fbb350052bca5417566f188eb2ebce5b19bc964,
ERC20,2020-01-09 08:44:51,0x0ddeee15c1e921dcc122003e9bc5e6806083872b3e5e27d4e3b758dc2464a349,9245451,0x0002b44ddb1476db43c868bd494422ee4c136fed,0x2e642b8d59b45a1d8c5aef716a84ff44ea665914,12.5,116350,2.0,Success,BAT,BAT,18,0x0d8775f648430679a709e98d2b0cb6250d2887ef,
ERC20,2020-01-09 08:33:40,0x05688972a397b2c6607f6d7b354a688d7ef9943d514fa59db7c94175bececf74,9245406,0xee5e8d2357a29f4a85a938679233fe24fbc2cf1d,0x0002b44ddb1476db43c868bd494422ee4c136fed,2.6349991058096593,116350,2.0,Success,Rigo Token,GRG,18,0x4fbb350052bca5417566f188eb2ebce5b19bc964,
ERC20,2020-01-09 08:33:40,0x05688972a397b2c6607f6d7b354a688d7ef9943d514fa59db7c94175bececf74,9245406,0x0002b44ddb1476db43c868bd494422ee4c136fed,0x2e642b8d59b45a1d8c5aef716a84ff44ea665914,11.5,116350,2.0,Success,BAT,BAT,18,0x0d8775f648430679a709e98d2b0cb6250d2887ef,
ERC20,2020-01-09 08:09:41,0x067b470e8b300835677191ce15e49f4783be0c77d280dda90ddd90c3b037e4dd,9245297,0xee5e8d2357a29f4a85a938679233fe24fbc2cf1d,0x0002b44ddb1476db43c868bd494422ee4c136fed,2.2693512590451226,133112,2.0,Success,Rigo Token,GRG,18,0x4fbb350052bca5417566f188eb2ebce5b19bc964,
ERC20,2020-01-09 08:09:41,0x067b470e8b300835677191ce15e49f4783be0c77d280dda90ddd90c3b037e4dd,9245297,0x0002b44ddb1476db43c868bd494422ee4c136fed,0x2e642b8d59b45a1d8c5aef716a84ff44ea665914,10.5,133112,2.0,Success,BAT,BAT,18,0x0d8775f648430679a709e98d2b0cb6250d2887ef,
ERC20,2020-01-09 08:02:52,0xe39c0d42e16d686a4e37ebc30ee54003f73b59c57419308f21c73771331e0510,9245270,0x340d693ed55d7ba167d184ea76ea2fd092a35bdc,0x0002b44ddb1476db43c868bd494422ee4c136fed,34.5,60000,7.0,Success,BAT,BAT,18,0x0d8775f648430679a709e98d2b0cb6250d2887ef,
ERC20,2019-04-12 15:55:23,0x940c3cc1acd4738db21d0dd1695b34b55e2ccf3aa3866bda5c9aac87a36579bc,7554050,0x0002b44ddb1476db43c868bd494422ee4c136fed,0xc76df63d476f0a81aca722c37c64c30bf836101a,2.2608094540603396,65356,4.0,Success,Livepeer Token,LPT,18,0x58b6a8a3302369daec383334672404ee733ab239,
ERC20,2018-09-05 03:35:38,0x96de24baa5124446ac1ab13802b302c28ab1d4ef89974c4baf0edb9b8f33cf60,6274058,0x3a3f4a1428f24780c41bacec77b1647d4321560f,0x0002b44ddb1476db43c868bd494422ee4c136fed,20.0,100000,3.0,Success,empowr,EMPR,18,0xe7d7b37e72510309db27c460378f957b1b04bd5d,
ERC20,2018-08-27 04:38:00,0xb7c2e173a71887268fce23973f7c3e7d988cb23c634517e7bdc4c4f01c153543,6220953,0x0000000000000000000000000000000000000000,0x0002b44ddb1476db43c868bd494422ee4c136fed,365.0,5000000,2.0,Success,Bulleon Promo Token,BULLEON PROMO,18,0xd4de05944572d142fbf70f3f010891a35ac15188,
ERC20,2018-08-26 21:58:50,0xf040d5b9f20d387fdda4854e9e0559d549c14425ca07832ecdfe4999fc1621d7,6219305,0x8e306b005773bee6ba6a6e8972bc79d766cc15c8,0x0002b44ddb1476db43c868bd494422ee4c136fed,2.2608094540603396,3200000,1.61,Success,Livepeer Token,LPT,18,0x58b6a8a3302369daec383334672404ee733ab239,
ERC20,2018-06-13 22:39:17,0x362a88be208d85bfe586083aa4079bb818787f25a7c6989270e58c60ea0c483d,5784105,0x0000000000000000000000000000000000000000,0x0002b44ddb1476db43c868bd494422ee4c136fed,911.0,1800000,2.0,Success,An Etheal Promo,HEALP,0,0x7b2f9706cd8473b4f5b7758b0171a9933fc6c4d6,
ERC20,2018-03-01 19:51:15,0x0c11d74821c51b36e3955ce96a1c013d921099f6836303c9897208ff4c60803b,5178993,0x61d80088c69f0874963dcd655de7e0b851ceef61,0x0002b44ddb1476db43c868bd494422ee4c136fed,7.77,2000000,1.000999999,Success,VIN,VIN,18,0xf3e014fe81267870624132ef3a646b8e83853a96,
ERC20,2017-11-27 20:56:18,0x426f7a2b962a3518b6b38185ae53275407d85573733b731522749a4c3d02d48d,4633775,0x0000000000000000000000000000000000000000,0x0002b44ddb1476db43c868bd494422ee4c136fed,777.0,2000000,4.0,Success,INS Promo,INSP,0,0x52903256dd18d85c2dc4a6c999907c9793ea61e3,
ERC20,2017-11-26 02:32:05,0x9e9973ec8477f1ab52d62b4eb963205792c40a16caff521b8e306982c1bd3b63,4622963,0xae2b80f7f4d285caa658a285233550d19c8e7847,0x0002b44ddb1476db43c868bd494422ee4c136fed,8.397495921254063,3300000,0.2,Success,VIU,VIU,18,0x519475b31653e46d20cd09f9fdcf3b12bdacb4f5,
Internal,2025-06-02 08:51:59,0x26c072c25deb8d85f952c215553649b42ee4df1c694f199284bce716a30ee45c,22615925,0xd71baacbcb10720b16a63620605cb4b962c47d20,0x0002b44ddb1476db43c868bd494422ee4c136fed,3.061946379123693,,,Success,,,,,call
Internal,2025-04-28 06:19:47,0xde058b00893cd1072da7a447bc29bae482f989d5f47c6ed9a2c12d2a641427ba,22365730,0x9ed181da6b359c3ee23c1d6912a6b4b0c349a165,0x0002b44ddb1476db43c868bd494422ee4c136fed,3.7499563888447707,,,Success,,,,,call
Internal,2025-01-13 11:09:23,0x7381358f4acc471a3237e7425e3e6f5bfed375a9486495f6f06efdebf26ab76c,21615167,0x5523d3c98809dddb82c686e152f5c58b1b0fb59e,0x0002b44ddb1476db43c868bd494422ee4c136fed,0.03886333184907315,,,Success,,,,,call
Internal,2023-09-09 11:22:11,0x64931f16de9e519f95e6f7aeeebc7848408858ce38be500c32a9db3c32fdcf93,18098504,0x3fc91a3afd70395cd496c647d5a6cc9d4b2b7fad,0x0002b44ddb1476db43c868bd494422ee4c136fed,0.12043627425418434,,,Success,,,,,call
Internal,2022-09-01 09:07:21,0x6af28f847b4f29d3f879e41e3e4c9850bf39f27731e8a16a59f25d770c15ca76,15451998,0x674bdf20a0f284d710bc40872100128e2d66bd3f,0x0002b44ddb1476db43c868bd494422ee4c136fed,0.082214,,,Success,,,,,call
Internal,2021-12-20 13:07:19,0x14ccbab66a094033da43f99393e3ce1ff5015c0082bfbe10c84a0260fa8f9594,13842193,0xdef1c0ded9bec7f1a1670819833240f027b25eff,0x0002b44ddb1476db43c868bd494422ee4c136fed,0.031911281589184146,,,Success,,,,,call
Internal,2021-04-30 06:24:42,0x251ec83ac2c48a4d16f251a0e9207e41f8d529147685e0a144da7677971f108a,12340210,0x283af0b28c62c092c9727f1ee09c02ca627eb7f5,0x0002b44ddb1476db43c868bd494422ee4c136fed,0.001804923094411014,,,Success,,,,,call
Internal,2021-04-30 06:22:27,0x0ba60ab9dfd74715a9fc5b8397dc7fa66a29a9c34cd48e3e137d8f9e21128eed,12340201,0x283af0b28c62c092c9727f1ee09c02ca627eb7f5,0x0002b44ddb1476db43c868bd494422ee4c136fed,0.001804923094411014,,,Success,,,,,call
Internal,2021-04-30 06:18:13,0x0616a6b287bc5fdb0be7f48855baddd5720bf35971a82a6e98d3e5c7ae0336ae,12340182,0x7a250d5630b4cf539739df2c5dacb4c659f2488d,0x0002b44ddb1476db43c868bd494422ee4c136fed,0.5909354778612057,,,Success,,,,,call
Internal,2020-04-07 09:35:45,0xfce50c34f47bd5d4eb6d2e4a247ef3978e683ab32afa92f00420eb76d4e55905,9824200,0xaa5bbd5a177a588b9f213505ca3740b444dbd586,0x0002b44ddb1476db43c868bd494422ee4c136fed,0.076,,,Success,,,,,call
Internal,2020-01-08 11:03:22,0x264c2dc917e9d09d0ee720398bdba8159dcedca2302f591b27211e36ffa5c203,9239624,0xc56c734009780a8b0f9f812e067ed237e0aff67f,0x0002b44ddb1476db43c868bd494422ee4c136fed,0.01,,,Success,,,,,call
Internal,2020-01-08 11:01:06,0xd9a0965b5cfba5d84d0ff24f5758cc8ba55ddef539ce037ae0c5973a9c602335,9239617,0x48564893bb3167caf82b401e60c213fffa92fc61,0x0002b44ddb1476db43c868bd494422ee4c136fed,0.01,,,Success,,,,,call
Internal,2018-01-13 15:39:45,0x9176cecf6a70b144ba326ebfb50cae52d6383cfc38d867173be09f5603f7e708,4902255,0x0b8d56c26d8cf16fe1bddf4967753503d974de06,0x0002b44ddb1476db43c868bd494422ee4c136fed,0.128406066,,,Success,,,,,call
Internal,2017-03-13 23:42:23,0xb7dfd5f3f4722d688355b1055d4af0288064a185972ba180f6610a1d1d570126,3347008,0x0b8d56c26d8cf16fe1bddf4967753503d974de06,0x0002b44ddb1476db43c868bd494422ee4c136fed,0.02,,,Success,,,,,call
