blockNumber,blockHash,timeStamp,hash,nonce,transactionIndex,from,to,value,gas,gasPrice,input,methodId,functionName,contractAddress,cumulativeGasUsed,txreceipt_status,gasUsed,confirmations,isError
3564784,0x9ad58b70d236b25cdb0e0403b9de5255e4ef4af6cca7ce3abd78bd87b93bf44c,1492630694,0xe3c8c4653269e5bc8a9fd899abc5a65dc9738eb7c38ce2093c16e67c63905fd0,85141,14,0x70faa28a6b8d6829a4b1e649d26ec9a2a39ba413,0x001cb265c5606d79035059686ae5f94c6a4c2c2c,265158540000000000,31000,20000000000,0x,0x,,,1017193,,21000,19972526,0
3564806,0x11a493f54dbd3d2eaa8bb10f8d826ea8bec18b3d3f0a131bf1aa280812f47af1,1492631176,0xf2524f34f8e30ed932f0127d9725cac950dda5cf0953ab2278977ad968b25e0c,0,46,0x001cb265c5606d79035059686ae5f94c6a4c2c2c,0x673f0dec1416803a39d50760c697fb26f4c539b0,0,30572,20000000000,0x59c87d702e0077711fc8814e74df2fc0384f7c51e554ced8d1d1b2ed1a1db0df97fce5f0,0x59c87d70,request(bytes32 _emailHash),,3940970,,25477,19972504,0
3564821,0xcc5e7f5c7e3d77bbbf5f51cb872569fd72d378b974e9c1c5e1861ae01d3a63f0,1492631408,0xd11058fe1b9024f8ae35b67c155715b946de2562b95d0fcb2bf6a01e0c205c2d,1,6,0x001cb265c5606d79035059686ae5f94c6a4c2c2c,0x673f0dec1416803a39d50760c697fb26f4c539b0,0,85582,20000000000,0x797af627c7aa462abf81368b494136baaa051ff2d17c25cb2fb892043cc92a3ac2ade9cb,0x797af627,confirm(bytes32 _h),,533050,,56318,19972489,0
3605563,0xe8d19c7f345e9356feaf671a23495203c40b9088deb7bc1d79c85f6cd4e15a8f,1493237325,0xdfc5e506e89afb3cead58bdbc48f0a6da69112e3a52e89507feaacad69c04fbe,2,52,0x001cb265c5606d79035059686ae5f94c6a4c2c2c,0x22028920f6ad54dc51bb279b240eb7b3396279a3,18500000000000000,21000,15000000000,0x,0x,,,1707399,,21000,19931747,0
3657648,0x5cff5115aaad39fadc5c9b31adc43348b2ca82f459ac9acde2ce5bf2086d2ac0,1494033938,0x7b2997de10ad00664e18a80f5c52176aa8d8220452aced725ead72ec19d2a1a5,3,20,0x001cb265c5606d79035059686ae5f94c6a4c2c2c,0xa31d0937a7e9fbaa809695ca93d574bdab079fda,11000000000000000,21000,10000000000,0x,0x,,,712646,,21000,19879662,0
3812754,0x543884d4128c49de167fe241763bcf062d5e7b7beeb7a0164a4d4855e55902a6,1496474470,0xa251658d3d9b17383f5e04db0dcf171575f2d9baf177a004d2e1eb8aaf5832fe,4,41,0x001cb265c5606d79035059686ae5f94c6a4c2c2c,0xc169d6ed4b26532d0992693138422dac0fc72697,10000000000000000,21000,1285784423,0x,0x,,,2089988,,21000,19724556,0
3812791,0xfbf139974a0ccd90db4e329a3cc3560497ec8a50919ce6d4fd4dabb118efb34d,1496474887,0x550997c0dbecf979ee0c0bd6332b75f01fc391c68db9341b524d6cb05bc3324b,5,46,0x001cb265c5606d79035059686ae5f94c6a4c2c2c,0xc169d6ed4b26532d0992693138422dac0fc72697,90000000000000000,21000,1005784423,0x,0x,,,2804321,,21000,19724519,0
3822016,0x37989c5dad18239232ddbbde76db67b0a4c2eb32c88eb5794b039dd276081dc0,1496629390,0x4d98c272d58176b71d07366a35c7ea3d91e0f9d42edcb0d0bf5599714a649368,6,28,0x001cb265c5606d79035059686ae5f94c6a4c2c2c,0xc169d6ed4b26532d0992693138422dac0fc72697,133441117054234000,21000,400000000,0x,0x,,,3828919,,21000,19715294,0
3864067,0x369e4b84198e9fedf1a1eec7b733e739887f10feb56040d43ff3d0e3332f1dba,1497322549,0xb5f6c376cfb9a0524dacec8e21ca952bf86a028a52224f284ff8dce7f1f52a59,454422,26,0x32be343b94f860124dc4fee278fdcbd38c102d88,0x001cb265c5606d79035059686ae5f94c6a4c2c2c,95000000000000000,166666,33201399160,0x,0x,,,629122,,21000,19673243,0
