Index,Address,FLAG,Contract,Avg_min_between_sent_tnx,Avg_min_between_received_tnx,Time_Diff_between_first_and_last_(Mins),Sent_tnx,Received_Tnx,Number_of_Created_Contracts,Unique_Received_From_Addresses,Unique_Sent_To_Addresses,min_value_received,max_value_received,avg_val_received,min_val_sent,max_val_sent,avg_val_sent,min_value_sent_to_contract,max_val_sent_to_contract,avg_value_sent_to_contract,total_transactions_(including_tnx_to_create_contract,total_Ether_sent,total_ether_received,total_ether_sent_contracts,total_ether_balance,Total_ERC20_tnxs,ERC20_total_Ether_received,ERC20_total_ether_sent,ERC20_total_Ether_sent_contract,ERC20_uniq_sent_addr,ERC20_uniq_rec_addr,ERC20_uniq_sent_addr.1,ERC20_uniq_rec_contract_addr,ERC20_avg_time_between_sent_tnx,ERC20_avg_time_between_rec_tnx,ERC20_avg_time_between_rec_2_tnx,ERC20_avg_time_between_contract_tnx,ERC20_min_val_rec,ERC20_max_val_rec,ERC20_avg_val_rec,ERC20_min_val_sent,ERC20_max_val_sent,ERC20_avg_val_sent,ERC20_min_val_sent_contract,ERC20_max_val_sent_contract,ERC20_avg_val_sent_contract,ERC20_uniq_sent_token_name,ERC20_uniq_rec_token_name,ERC20_most_sent_token_type,ERC20_most_rec_token_type
1,0xdac17f958d2ee523a2206206994597c13d831ec7,0,1,0,30.78470361,307811.35,0,9999,1,2063,0,0,0.48,5.13e-05,0,0,0,0,0,0,10000,0,0.513267,0,0.513267,10001,36131810113.0,1270000000000.0,814000000000.0,3780,2727,14,219,432.257929,362.7539767,332.8088413,224.4238724,0.0,19050562170.0,5839956.378,0.0,366000000000.0,333724650.7,1e-11,366000000000.0,641839235.1,4,200,,Kishu Inu
2,0xb8c77482e45f1f44de1745f52c74426c631bdd52,0,1,0,12.61696673,126149.55,0,9999,1,1390,0,0,3.9,0.00040424,0,0,0,0,0,0,10000,0,4.042,0,4.042,1457,7470000000000000.0,40256710.88,40200190.47,309,930,10,803,5102.848641,3995.324364,3998.206461,2982.773065,0.0,6540000000000000.0,6860000000000.0,1.337,35908881.22,109096.7775,1.337,35908881.22,287144.2177,9,691,Iron Fish,New Pope Coin
3,0xa0b86991c6218b36c1d19d4a2e9eb0ce3606eb48,0,1,0,16.10846336,161054.5167,0,9999,1,4277,0,0,0.0,0.0,0,0,0,0,0,0,10000,0,0.0,0,0.0,10000,18614900511.0,3030000000000.0,2710000000000.0,9073,719,13,115,162.4186938,2104.711383,2106.99404,193.913743,0.0,9848704122.0,20189696.87,0.0,2250000000000.0,333833564.9,0.0,2250000000000.0,660247701.1,4,112,,FEGtoken
4,0xae7ab96520de3a18e5e111b5eaab095312d7fe84,0,1,0,22.47576424,224735.1667,0,10000,1,4851,0,0,50000.0,23.81798103,0,0,0,0,0,0,10001,0,238179.8103,0,238179.8103,10000,40782336.11,3988800.0,2386800.0,9972,24,1,9,0.000381105,26403.77716,26867.76474,71.88746708,0.0,19400000.0,1456512.004,400.0,400.0,400.0,400.0,400.0,400.0,1,9,$ ClaimLIDO.com,Tsuka Protectors of the realm
5,0x7f39c581f595b53c5cb19bd0b3f8da6c935e2ca0,0,1,0,69.27560012,692692.1167,0,9999,1,3691,0,0,3773.0,2.103824626,0,0,0,0,0,0,10000,0,21036.14243,0,21036.14243,10000,1803816.398,1442466.743,1369371.184,1361,2548,2,2,190.0702357,101.785438,100.7884517,66.52769277,1e-18,962107.4791,276.0661765,1e-18,962107.4791,416.1762098,1e-18,962107.4791,465.4558748,2,2,ChainPort,ChainPort
6,0x2260fac5e5542a773aa44fbcfedf7c193bc2c599,0,1,0,70.10659299,700928.5333,0,9999,1,4074,0,0,0.34795098,0.000118211,0,0,0,0,0,0,10000,0,1.181992774,0,1.181992774,10001,3.4700000000000005e+71,1381553434.0,1381551670.0,9835,124,6,52,121.9646162,15063.66402,15147.89847,247.069817,0.0,1.1600000000000002e+71,2.11e+69,0.7,679708736.0,140458.8689,0.7,679708736.0,188839.7581,4,49,,# wbtc.gift
7,0xa2e3356610840701bdf5611a53974510ae27e2e1,0,1,0,54.44886977,544380.2,0,9999,1,3851,0,0,1820.0,1.003428589,0,0,0,0,0,0,10000,0,10033.28246,0,10033.28246,18,1706968.047,0.0,0.0,0,13,0,17,0.0,63217.57647,66155.2625,63217.57647,1e-10,1057823.945,94831.55819,0.0,0.0,0.0,0.0,0.0,0.0,0,17,,Mystery
8,0xc02aaa39b223fe8d0a0e5c4f27ead9083c756cc2,0,1,0,6.493883777,73409.15,0,9999,1,2259,0,0,4400.0,7.689963898,0,0,0,0,0,0,10000,0,76891.94902,0,76891.94902,10002,1.16e+59,8.97e+20,8.85e+20,7389,1581,25,890,416.2728469,1459.951843,1458.730895,352.519527,0.0,1.16e+59,4.79e+55,0.0,5e+20,1.18e+17,0.0,5e+20,1.56e+17,10,832,,USD
9,0xdc035d45d973e3ec169d2276ddab16f1e407384f,1,1,0,20.86019204,208560.4,0,9999,1,3472,0,0,0.0,0.0,0,0,0,0,0,0,10000,0,0.0,0,0.0,4,7.749926072,0.0,0.0,0,3,0,4,0.0,35600.13333,10103.3,35600.13333,0.01,6.27056,1.937481518,0.0,0.0,0.0,0.0,0.0,0.0,0,4,,USDC
10,0x514910771af9ca656af840dff83e8264ecf986ca,0,1,0,1.222026072,12220.48333,0,9999,1,3388,0,0,0.005,9.13e-07,0,0,0,0,0,0,10000,0,0.009129,0,0.009129,10000,1e+18,2290195.737,1713958.737,9776,122,4,137,255.5913495,14538.6681,14262.40451,286.4439261,0.0,1e+18,5050000000000000.0,1.337,241.75,233.6457597,1.337,241.75,233.5730086,4,133,LINKToken.io,bitwear io
11,0x2af5d2ad76741191d15dfe7bf6ac92d4bd912ca3,0,1,0,0.701760352,7021.283333,0,9999,1,203,0,0,0.0,0.0,0,0,0,0,0,0,10000,0,0.0,0,0.0,557,1040812387.0,18596.2,14072.8,518,38,1,31,0.0,86277.6,87083.03964,5896.670504,0.0,999999999.0,26687497.12,35.9,35.9,35.9,35.9,35.9,35.9,1,29,$ LEO Award Chip | leotokenhub.com,Inu Inu
12,0xcd5fe23c85820f7b72d0926fc9b05b43e359b7ee,0,1,0,28.30506101,282994.2,0,9999,1,4121,0,0,0.0,0.0,0,0,0,0,0,0,10000,0,0.0,0,0.0,10000,63005.95312,4568.843851,3160.184424,821,3677,1,1,90.43537778,11.46671926,11.44145627,10.17543754,1e-18,1589.271952,7.10006233,0.002,1000.000571,4.05758779,0.004503625,308.5114175,3.480379321,1,1,ether.fi ETH,ether.fi ETH
13,0x4c9edd5852cd905f086c759e8383e09bff1e68b3,0,1,0,12.91762352,137824.2,0,9999,1,6768,0,0,0.0,0.0,0,0,0,0,0,0,10000,0,0.0,0,0.0,7125,1e+21,5358298.0,4037449.0,6082,42,3,23,6.397849158,17354.05,16106.03636,136.4158899,1e-05,1e+21,1.75e+19,483.0,1465.0,758.106678,483.0,1465.0,765.1030889,2,23,# usde-reward.com,
14,0xcbb7c0000ab88b473b1f5afd9ef808440eed33bf,0,1,0,16.89066907,168889.8,0,10000,1,5321,0,0,1.14,0.000114,0,0,0,0,0,0,10001,0,1.14,0,1.14,62,820000000000000.0,0.0,0.0,0,50,0,52,0.0,9258.6,9275.673333,9258.6,2e-07,535000000000000.0,13200000000000.0,0.0,0.0,0.0,0.0,0.0,0.0,0,52,,New Pope Coin
15,0x95ad61b0a150d79219dcf64e1e6cc01f0b64c4ce,0,1,0,27.73140461,277300.1333,0,9999,1,7655,0,0,0.311111111,9.8e-05,0,0,0,0,0,0,10000,0,0.980064946,0,0.980064946,10000,1880000000000000.0,0.0,0.0,0,1440,0,84,0.0,27.97232057,27.88311662,27.97232057,0.0,500000000000000.0,188000000000.0,0.0,0.0,0.0,0.0,0.0,0.0,0,81,,Ryoshis Vision
16,0x6b175474e89094c44da98b954eedeac495271d0f,0,1,0,2.219720305,22194.98333,0,10000,1,4522,0,0,0.0,0.0,0,0,0,0,0,0,10001,0,0.0,0,0.0,10002,792000000000000.0,3949804.23,2860835.23,6818,535,2,56,0.816925734,2000.080457,2002.769546,147.2207921,0.0,792000000000000.0,1070000000000.0,1.23,799.0,426.3145418,1.23,799.0,428.8465343,2,51,! StableDAI,AINU INU
17,0xda5e1988097297dcdc1f90d4dfe7909e847cbef6,0,1,0,47.56657331,475573.4,0,9999,1,7144,0,0,3.0,0.001028633,0,0,0,0,0,0,10000,0,10.28529863,0,10.28529863,3961,4780000000000.0,4.34e+24,4.34e+24,3190,110,10,52,150.9715479,4497.651563,4527.776378,146.5798485,2e-08,2050000000000.0,37046670901.0,0.0,5e+23,1.13e+21,0.0,5e+23,1.49e+21,5,40,,World Liberty Financial
18,0x9d39a5de30e57443bff2a8307a4256c8797a3497,0,1,0,13.85141028,148059.8,0,9999,1,6955,0,0,9.1e-06,9.1e-10,0,0,0,0,0,0,10000,0,9.1e-06,0,9.1e-06,10000,337068691.7,51436038.99,51436038.99,1,7568,1,2,78.75159542,17.07515893,15.81847409,14.2369837,0.0,60419717.38,40425.60467,0.100843361,13983532.46,30948.27857,0.100843361,13983532.46,30948.27857,1,2,USDe,USDe
19,0xa0b73e1ff0b80914ab6fe0444e65848c4c34450b,0,1,0,7.184861972,71844.16667,0,9999,1,23,0,0,0.0,0.0,0,0,0,0,0,0,10000,0,0.0,0,0.0,318,2070825963.0,149000000000000.0,0.0,1,197,1,80,66157.8,11063.39921,11079.34151,10993.59858,0.0,888888888.0,6553246.717,35000000000000.0,114000000000000.0,74600000000000.0,0.0,0.0,0.0,1,75,,www.dfw.vc????????????8000eth
20,0xa3931d71877c0e7a3148cb7eb4463524fec27fbd,0,1,0,38.04670934,380391.2,0,9999,1,3301,0,0,0.0,0.0,0,0,0,0,0,0,10000,0,0.0,0,0.0,10000,3379110953.0,2337935126.0,2019074429.0,587,671,1,2,80.00606061,20.60035211,20.59081876,16.3830383,0.0,124967588.7,424885.069,0.0,50470057.6,1142127.565,0.0,50470057.6,1092572.743,1,2,USDS Stablecoin,USDS Stablecoin
21,0xbc65ad17c5c0a2a4d159fa5a503f4992c7b545fe,0,1,0,26.33038608,263251.4,0,9999,1,4344,0,0,0.0,0.0,0,0,0,0,0,0,10000,0,0.0,0,0.0,10000,2692162269.0,2382016777.0,2382016777.0,4,1035,4,4,29.35364606,25.93722683,25.94211419,13.76885689,9.54e-07,112674951.4,507094.0419,9.54e-07,112674951.4,507784.4335,9.54e-07,112674951.4,507784.4335,4,4,USDS Stablecoin,USDS Stablecoin
22,0x582d872a1b094fc48f5de31d3b73f2d9be47def1,0,1,0,65.1194939,654330.0667,0,9999,1,3261,0,0,0.178989114,2.92e-05,0,0,0,0,0,0,10000,0,0.292431444,0,0.292431444,10000,889000000000000.0,2457774.0,1809337.0,9974,17,2,11,0.250616665,35609.98933,22946.275,89.04175751,0.0,889000000000000.0,34200000000000.0,72.0,464.0,246.418087,72.0,464.0,245.6002443,1,9,! ELIGIBLE,! ELIGIBLE
23,0x1f9840a85d5af5bf1d1762f925bdaddc4201f984,0,1,0,0.336830699,3388.133333,0,9999,1,9110,0,0,0.81255072,0.000475527,0,0,0,0,0,0,10000,0,4.754789897,0,4.754789897,10000,17619029982.0,3694200.0,2930952.0,9235,469,4,109,1.215615504,1709.322488,1712.358052,96.54856486,0.0,10196877962.0,31184123.86,1.0,400.0,391.5421304,1.0,400.0,391.8908945,4,102,$ UNIV2Claim.com,Pikachu
24,0x21c2c96dbfa137e23946143c71ac8330f9b44001,0,1,0,1986.517479,693294.6,0,350,1,317,0,0,0.0,0.0,0,0,0,0,0,0,351,0,0.0,0,0.0,0,0.0,0.0,0.0,0,0,0,0,0.0,0.0,0.0,0.0,0.0,0.0,0.0,0.0,0.0,0.0,0.0,0.0,0.0,0,0,,
25,0x8d010bf9c26881788b4e6bf5fd1bdc358c8f90b8,1,1,0,517.7241803,252649.4,0,489,1,296,0,0,0.0,0.0,0,0,0,0,0,0,490,0,0.0,0,0.0,0,0.0,0.0,0.0,0,0,0,0,0.0,0.0,0.0,0.0,0.0,0.0,0.0,0.0,0.0,0.0,0.0,0.0,0.0,0,0,,
26,0x3c3a81e81dc49a522a592e7622a7e711c06bf354,0,1,0,9.742668534,102204.8,0,9999,1,6127,0,0,0.35007,3.8e-05,0,0,0,0,0,0,10000,0,0.38007,0,0.38007,10001,1.1600000000000002e+71,7029935.6,5275934.4,9499,16,2,4,21.54840649,15101.54286,15855.61,32.97571757,0.0,1.1600000000000002e+71,5.26e+69,1.4,2780.0,704.4729532,1.4,2780.0,704.3030837,2,4,# mantlehub.org,# mantlerewards.com
27,0x7fc66500c84a76ad7e9c93437bfc5ac33e2ddae9,0,1,0,3.925998533,39253.46667,0,9999,1,6648,0,0,0.04638,4.64e-06,0,0,0,0,0,0,10000,0,0.04638,0,0.04638,10001,3.4700000000000005e+71,2.72e+21,1.21e+21,9831,116,7,54,43.91991866,10503.90081,10562.08323,172.2812015,0.0,1.1600000000000002e+71,2.11e+69,30.0,1.21e+21,2.76e+17,30.0,1.21e+21,1.62e+17,6,48,,# aavenetwork.org
28,0x4da27a545c0c5b758a6ba100e3a049001de870f5,0,1,0,5.347711209,53466.76667,0,9999,1,5486,0,0,0.1,1.31e-05,0,0,0,0,0,0,10000,0,0.131241772,0,0.131241772,10000,3465856.106,559221.986,391821.0635,1229,6628,1,2,48.42574335,8.758990826,8.759809994,7.63860386,9.63e-06,706369.5894,397.4149875,0.000363964,73258.033,437.2337655,0.000363964,73258.033,410.713903,1,2,Aave Token,Aave Token
29,0x54d2252757e1672eead234d27b1270728ff90581,1,1,0,26.67567514,275213.8,0,9999,1,3068,0,0,0.0286,2.86e-06,0,0,0,0,0,0,10000,0,0.0286,0,0.0286,25,11006.10372,0.0,0.0,0,17,0,8,0.0,26622.64167,26775.01739,26622.64167,0.0001,4987.35,440.2441487,0.0,0.0,0.0,0.0,0.0,0.0,0,7,,Tether USD
30,0x85f17cf997934a597031b2e18a9ab6ebd4b9f6a4,0,1,0,156.0883927,1567806.733,0,9999,1,5976,0,0,3.0,0.000305794,0,0,0,0,0,0,10000,0,3.057633304,0,3.057633304,12,92786444695.0,0.0,0.0,0,12,0,9,0.0,141689.0,155508.74,141689.0,0.0,92745704684.0,7732203725.0,0.0,0.0,0.0,0.0,0.0,0.0,0,9,,STAS
31,0x7712c34205737192402172409a8f7ccef8aa2aec,0,1,0,1015.295419,908689.4,0,896,1,105,0,0,0.02,2.23e-05,0,0,0,0,0,0,897,0,0.020019547,0,0.020019547,37,10059322.79,0.0,0.0,0,13,0,12,0.0,24580.55,25266.82286,24580.55,6.9e-05,10030225.0,271873.589,0.0,0.0,0.0,0.0,0.0,0.0,0,12,,Fidelity National Financial
32,0x6a9da2d710bb9b700acde7cb81f10f1ff8c89041,1,1,0,2684.71087,493987.0,0,185,1,56,0,0,0.0,0.0,0,0,0,0,0,0,186,0,0.0,0,0.0,1,0.01,0.0,0.0,0,1,0,1,0.0,0.0,0.0,0.0,0.01,0.01,0.01,0.0,0.0,0.0,0.0,0.0,0.0,0,1,,CANA Holdings California Carbon Credits
33,0x75231f58b43240c9718dd58b4967c5114342a86c,0,1,0,11.80583117,118048.8667,0,9999,1,3014,0,0,0.32,3.21e-05,0,0,0,0,0,0,10000,0,0.321,0,0.321,2654,5905637278.0,22759.76202,16860.16202,2601,47,2,32,103.6160769,65491.89455,65414.90556,1283.670756,0.0,2603575801.0,111427118.5,8.6,399.76202,8.750389089,8.6,399.76202,8.804262151,2,28,! OKB Giveaway Ticket | okbvault.com,FEGtoken
34,0x68749665ff8d2d112fa859aa293f07a622782f38,0,1,0,121.0019837,1221405.35,0,9999,1,2828,0,0,0.014,2.6e-06,0,0,0,0,0,0,10000,0,0.026,0,0.026,39,105.10001,517282812.0,517282812.0,4,6,7,5,14863.54375,144852.24,62257.5,20998.58421,1e-05,100.0,17.51666833,6e-12,133282812.0,15675236.73,1e-11,133282812.0,17242760.4,2,5,,Wrapped Centrifuge
35,0xfa2b947eec368f42195f24f36d2af29f7c24cec2,1,1,0,24.8629926,251531.4,0,9999,1,3729,0,0,0.0,0.0,0,0,0,0,0,0,10000,0,0.0,0,0.0,2,2172.02104,0.0,0.0,0,2,0,2,0.0,6165.4,0.0,6165.4,95.0,2077.02104,1086.01052,0.0,0.0,0.0,0.0,0.0,0.0,0,2,,Falcon Finance
36,0x57e114b691db790c35207b2e685d4a43181e6061,0,1,0,0.55325065,39540.8,0,9999,1,9039,0,0,0.010410736,3.04e-06,0,0,0,0,0,0,10000,0,0.030427486,0,0.030427486,196,3.5e+20,7.599999999999999e+24,7.599999999999999e+24,4,110,10,47,14495.77544,6354.10219,6398.185294,4464.164103,1e-06,3.26e+20,2.54e+18,70000.0,2.48e+24,1.31e+23,70000.0,2.48e+24,1.31e+23,2,47,,GROK AI
37,0xbe90556468e5ee2a15da99a5c0e045ed0b142143,0,1,0,3701.028037,792020.0,0,215,1,202,0,0,0.0,0.0,0,0,0,0,0,0,216,0,0.0,0,0.0,0,0.0,0.0,0.0,0,0,0,0,0.0,0.0,0.0,0.0,0.0,0.0,0.0,0.0,0.0,0.0,0.0,0.0,0.0,0,0,,
38,0x6982508145454ce325ddbe47a25d4ec3d2311933,0,1,0,0.593938788,5947.8,0,9999,1,7175,0,0,0.0791,1.69e-05,0,0,0,0,0,0,10000,0,0.168899121,0,0.168899121,10000,188000000000000.0,180000000000000.0,160000000000000.0,9885,75,16,52,4.983595642,599.2418605,568.2023529,5.264026403,0.0,20000000000000.0,2160000000000.0,8.0,20000000000000.0,18170188471.0,8.0,20000000000000.0,21472577025.0,14,49,Pepe Games,Pepe Games
39,0xd1d82d3ab815e0b47e38ec2d666c5b8aa05ae501,1,1,0,122971.12,614855.6,0,6,1,5,0,0,0.0,0.0,0,0,0,0,0,0,7,0,0.0,0,0.0,0,0.0,0.0,0.0,0,0,0,0,0.0,0.0,0.0,0.0,0.0,0.0,0.0,0.0,0.0,0.0,0.0,0.0,0.0,0,0,,
40,0xfaba6f8e4a5e8ab82f62fe7c39859fa577269be3,0,1,0,79.27223611,907597.85,0,9999,1,5244,0,0,0.1503,5.05e-05,0,0,0,0,0,0,10000,0,0.504785993,0,0.504785993,6175,367045964.1,5.64e+24,5.41e+24,5966,119,3,26,152.9292781,6020.114286,5175.56383,184.2892128,0.0,251764937.3,1931820.864,9517.0,3.26e+24,9.43e+20,9517.0,3.26e+24,1.24e+21,2,26,,SafeMoon Inu
41,0xf34960d9d60be18cc1d5afc1a6f012a723a28811,0,1,0,24.07609855,240720.9833,0,9999,1,3911,0,0,0.51021227,0.000100112,0,0,0,0,0,0,10000,0,1.00102227,0,1.00102227,26,1019522768.0,0.0,0.0,0,21,0,16,0.0,96920.254,98110.58819,96920.254,0.0,999999999.0,39212414.15,0.0,0.0,0.0,0.0,0.0,0.0,0,16,,Inu Inu
42,0x163f8c2467924be0ae7b5347228cabf260318753,0,1,0,3.475355071,34812.0,0,9999,1,3739,0,0,0.075901435,1.22e-05,0,0,0,0,0,0,10000,0,0.122068826,0,0.122068826,57,2400000000000.0,5000.0,5000.0,1,46,1,27,0.0,21389.49818,21785.5,21919.95714,1e-05,2220000000000.0,42891177694.0,5000.0,5000.0,5000.0,5000.0,5000.0,5000.0,1,27,WORLDBOT,???
43,0x455e53cbb86018ac2b8092fdcd39d8444affc3f6,0,1,0,24.22534507,242252.8,0,9999,1,3210,0,0,0.0,0.0,0,0,0,0,0,0,10000,0,0.0,0,0.0,128,623883.5219,521332.375,0.0,1,98,1,10,0.0,8630.47619,8681.6688,8639.283465,0.0,521332.375,4912.468676,521332.375,521332.375,521332.375,0.0,0.0,0.0,1,10,trumpwifhat,trumpwifhat
44,0x45804880de22913dafe09f4980848ece6ecbaf78,0,1,0,43.93415016,439278.4333,0,9999,1,1975,0,0,0.0,0.0,0,0,0,0,0,0,10000,0,0.0,0,0.0,121,19412250.46,3.9e+20,3.9e+20,3,61,5,17,21990.73333,30874.10425,29610.11254,25215.97847,0.0,19399999.03,196083.338,8.0,1.37e+20,1.77e+19,8.0,1.37e+20,1.77e+19,2,17,,Tsuka Protectors of the realm
45,0x80ac24aa929eaf5013f6436cda2a7ba190f5cc0b,0,1,0,65.9309731,659243.8,0,10000,1,4505,0,0,0.0,0.0,0,0,0,0,0,0,10001,0,0.0,0,0.0,10000,1742076854.0,1742072844.0,1665110325.0,1265,14,1,1,180.9264063,71.10156792,71.10829864,51.2480248,0.000317,50007643.23,241686.5779,0.009999,50000000.0,623951.5917,0.009999,50000000.0,754126.0529,1,1,USDC,USDC
46,0xc139190f447e929f090edeb554d95abb8b18ac1c,1,1,0,84.43736477,522948.6,0,6194,1,1080,0,0,0.0,0.0,0,0,0,0,0,0,6195,0,0.0,0,0.0,1,100.0,0.0,0.0,0,1,0,1,0.0,0.0,0.0,0.0,100.0,100.0,100.0,0.0,0.0,0.0,0.0,0.0,0.0,0,1,,Tether USD
47,0xae78736cd615f374d3085123a210448e74fc6393,0,1,0,52.27428486,528415.85,0,9999,1,7050,0,0,0.005,5.5e-07,0,0,0,0,0,0,10000,0,0.0055,0,0.0055,10000,889000000000000.0,1218004195.0,885303052.3,9949,24,2,13,51.8179392,36308.22366,35303.90611,117.2319765,0.0,889000000000000.0,27800000000000.0,0.71,300000.0,122191.4321,0.71,300000.0,122110.7658,2,12,! rocket-pools.com,# LRETH.COM
48,0x4a220e6096b25eadb88358cb44068a3248254675,0,1,0,33.67797226,451345.2667,0,9999,1,3012,0,0,0.0,0.0,0,0,0,0,0,0,10000,0,0.0,0,0.0,10001,1872348103.0,2438935.48,1682932.56,9817,107,1,52,0.003810106,16161.02796,15692.34679,295.7801297,0.0,893085623.5,10175804.91,248.44,248.44,248.44,248.44,248.44,248.44,1,51,$ getqnt.net,Dogelon
49,0x8292bb45bf1ee4d140127049757c2e0ff06317ed,1,1,0,41.03760752,478434.2,0,9999,1,2709,0,0,0.0,0.0,0,0,0,0,0,0,10000,0,0.0,0,0.0,3,1799.43743,0.0,0.0,0,3,0,1,0.0,118120.6,42221.2,118120.6,10.00114153,1734.998199,599.8124768,0.0,0.0,0.0,0.0,0.0,0.0,0,1,,RLUSD
50,0x418708dd507a2f0cac24d31c60b350315f4c8009,0,1,0,1929.58355,445734.8,0,232,1,217,0,0,0.0,0.0,0,0,0,0,0,0,233,0,0.0,0,0.0,0,0.0,0.0,0.0,0,0,0,0,0.0,0.0,0.0,0.0,0.0,0.0,0.0,0.0,0.0,0.0,0.0,0.0,0.0,0,0,,
51,0xe343167631d89b6ffc58b88d6b7fb0228795491d,0,1,0,59.34292859,597056.4,0,9999,1,1321,0,0,0.0,0.0,0,0,0,0,0,0,10000,0,0.0,0,0.0,4,217305630.7,0.0,0.0,0,3,0,3,0.0,77051.4,115576.7,77051.4,103.24,213412642.2,54326407.66,0.0,0.0,0.0,0.0,0.0,0.0,0,3,,Visit website eventshiba .com to claim rewards
52,0xb50721bcf8d664c30412cfbc6cf7a15145234ad1,0,1,0,14.89505901,148920.8,0,9999,1,4933,0,0,0.524533325,5.51e-05,0,0,0,0,0,0,10000,0,0.551366112,0,0.551366112,6153,1210000000000.0,1000000000000.0,864000000000.0,6053,59,2,11,73.04896745,13165.43061,13301.1567,209.7906016,0.0,200000000000.0,12210796023.0,3500.0,720000000000.0,165183544.5,3500.0,720000000000.0,210683425.9,2,11,Wrapped Arbitrum,Wrapped Arbitrum
53,0xe66747a101bff2dba3697199dcce5b743b454759,0,1,0,22.70943022,227057.1333,0,9999,1,1454,0,0,0.0,0.0,0,0,0,0,0,0,10000,0,0.0,0,0.0,448,83382337038.0,36635.0,17510.0,431,16,1,12,0.0,208264.426,222091.3022,7454.655071,1e-05,28233952068.0,4904843355.0,85.0,85.0,85.0,85.0,85.0,85.0,1,11,$ GT Award Chip | gate-chain.com,Maskman by Matt Furie
54,0x8d983cb9388eac77af0474fa441c4815500cb7bb,1,1,0,1580.548804,2223832.983,0,1408,1,1048,0,0,0.01423169,1.01e-05,0,0,0,0,0,0,1409,0,0.01423169,0,0.01423169,0,0.0,0.0,0.0,0,0,0,0,0.0,0.0,0.0,0.0,0.0,0.0,0.0,0.0,0.0,0.0,0.0,0.0,0.0,0,0,,
55,0x519ddeff5d142fc177d95f24952ef3d2ede530bc,1,0,0,6799.771429,666377.6,0,99,0,86,0,0,0.0,0.0,0,0,0,0,0,0,99,0,0.0,0,0.0,0,0.0,0.0,0.0,0,0,0,0,0.0,0.0,0.0,0.0,0.0,0.0,0.0,0.0,0.0,0.0,0.0,0.0,0.0,0,0,,
56,0x6e1a19f235be7ed8e3369ef73b196c07257494de,0,0,0,2772.625486,2661726.083,0,961,0,601,0,0,0.0,0.0,0,0,0,0,0,0,961,0,0.0,0,0.0,0,0.0,0.0,0.0,0,0,0,0,0.0,0.0,0.0,0.0,0.0,0.0,0.0,0.0,0.0,0.0,0.0,0.0,0.0,0,0,,
57,0xa1290d69c65a6fe4df752f95823fae25cb99e5a7,0,0,0,9.687148715,96861.8,0,10000,0,7345,0,0,0.0,0.0,0,0,0,0,0,0,10000,0,0.0,0,0.0,0,0.0,0.0,0.0,0,0,0,0,0.0,0.0,0.0,0.0,0.0,0.0,0.0,0.0,0.0,0.0,0.0,0.0,0.0,0,0,,
58,0x8236a87084f8b84306f72007f36f2618a5634494,1,0,0,14.05767153,156435.4,0,9999,0,7004,0,0,0.0,0.0,0,0,0,0,0,0,9999,0,0.0,0,0.0,5,30.00631704,0.0,0.0,0,4,0,3,0.0,140500.9,126003.5333,140500.9,0.00024204,29.0,6.001263408,0.0,0.0,0.0,0.0,0.0,0.0,0,3,,YooY Land
59,0x56072c95faa701256059aa122697b133aded9279,0,1,0,33.96727345,339605.0,0,9999,1,2657,0,0,0.0,0.0,0,0,0,0,0,0,10000,0,0.0,0,0.0,422,401.598,3.06e+24,3.06e+24,416,2,4,2,854.6415274,55701.4,0.0,850.5814727,0.05,401.548,200.799,154000.0,1.5e+24,7.29e+21,154000.0,1.5e+24,9.94e+21,3,2,,Layer3
60,0xb62132e35a6c13ee1ee0f84dc5d40bad8d815206,0,1,0,2.752420484,27555.58333,0,9999,1,3977,0,0,0.55565738,0.000168472,0,0,0,0,0,0,10000,0,1.68454738,0,1.68454738,3602,67530057685.0,1.59e+23,7.85e+22,3346,127,4,52,1110.065337,15710.52899,15759.77341,1103.794455,0.0,35187436622.0,265866368.8,20.0,8e+22,4.73e+19,20.0,6.35e+22,3.34e+19,3,52,,NexusChain
61,0xc5f0f7b66764f6ec8c8dff7ba683102295e16409,0,1,0,60.38653731,630885.2,0,9999,1,2092,0,0,0.00770757,7.71e-07,0,0,0,0,0,0,10000,0,0.00770757,0,0.00770757,9,1000010112.0,0.0,0.0,0,8,0,8,0.0,127173.375,95558.94286,127173.375,1e-05,999999999.0,111112234.7,0.0,0.0,0.0,0.0,0.0,0.0,0,8,,Inu Inu
62,0x6de037ef9ad2725eb40118bb1702ebb27e4aeb24,0,1,0,92.0738281,920556.9833,0,9999,1,2987,0,0,1.0,0.000106117,0,0,0,0,0,0,10000,0,1.061059002,0,1.061059002,10000,2.3200000000000004e+71,3e+22,3e+22,9955,31,2,13,2.152722524,55288.6947,53612.17093,243.2946861,0.0,1.1600000000000002e+71,5.15e+69,1.4,3e+22,3.01e+18,1.4,3e+22,4.26e+18,2,11,,# renderprotocol.com
63,0xbdf43ecadc5cef51b7d1772f722e40596bc1788b,0,1,0,52.56412251,432502.0,0,8229,1,3050,0,0,0.001,6.37e-06,0,0,0,0,0,0,8230,0,0.052457526,0,0.052457526,3,181.6685696,0.0,0.0,0,3,0,2,0.0,137482.0,31212.2,137482.0,0.2,176.6891142,60.55618987,0.0,0.0,0.0,0.0,0.0,0.0,0,2,,SEI
64,0x013addc6512432304c055cec20bbb0f6aa5ed7d5,0,1,0,1915.641722,578523.8,0,303,1,294,0,0,0.0,0.0,0,0,0,0,0,0,304,0,0.0,0,0.0,0,0.0,0.0,0.0,0,0,0,0,0.0,0.0,0.0,0.0,0.0,0.0,0.0,0.0,0.0,0.0,0.0,0.0,0.0,0,0,,
65,0x43415eb6ff9db7e26a15b704e7a3edce97d31c4e,1,1,0,599.7998845,1038853.4,0,1733,1,67,0,0,0.0,0.0,0,0,0,0,0,0,1734,0,0.0,0,0.0,1,0.01,0.0,0.0,0,1,0,1,0.0,0.0,0.0,0.0,0.01,0.01,0.01,0.0,0.0,0.0,0.0,0.0,0.0,0,1,,CANA Holdings California Carbon Credits
66,0x152649ea73beab28c5b49b26eb48f7ead6d4c898,0,1,0,25.28341668,252844.4,0,9999,1,5482,0,0,0.44781619,0.00053637,0,0,0,0,0,0,10000,0,5.363168623,0,5.363168623,31,20689335593.0,0.0,0.0,0,30,0,20,0.0,46082.98667,46953.8,46082.98667,1e-05,19046806463.0,667397922.4,0.0,0.0,0.0,0.0,0.0,0.0,0,20,,69XMins
67,0x58d97b57bb95320f9a05dc918aef65434969c2b2,0,1,0,1.389077816,25204.0,0,9999,1,4328,0,0,0.0,0.0,0,0,0,0,0,0,10000,0,0.0,0,0.0,23,92745812466.0,1.41e+23,0.0,1,13,2,8,54884.82222,39502.26667,42955.56364,23921.76364,1e-05,92745704684.0,7134293267.0,1e+22,2.04e+22,1.41e+22,0.0,0.0,0.0,1,8,,STAS
68,0x4aef9bd3fbb09d8f374436d9ec25711a1be9bacb,0,1,0,2531.054902,774502.8,0,307,1,292,0,0,0.0,0.0,0,0,0,0,0,0,308,0,0.0,0,0.0,0,0.0,0.0,0.0,0,0,0,0,0.0,0.0,0.0,0.0,0.0,0.0,0.0,0.0,0.0,0.0,0.0,0.0,0.0,0,0,,
69,0x1b19c19393e2d034d8ff31ff34c81252fcbbee92,1,1,0,3996.508065,1486701.0,0,373,1,105,0,0,0.0,0.0,0,0,0,0,0,0,374,0,0.0,0,0.0,0,0.0,0.0,0.0,0,0,0,0,0.0,0.0,0.0,0.0,0.0,0.0,0.0,0.0,0.0,0.0,0.0,0.0,0.0,0,0,,
70,0xbf5495efe5db9ce00f80364c8b423567e58d2110,0,1,0,11.70906181,117067.4,0,9999,1,8081,0,0,0.0,0.0,0,0,0,0,0,0,10000,0,0.0,0,0.0,10000,562.0,8284.5,6082.9,8594,1,3,1,4.041328266,0.0,0.0,4.040924092,562.0,562.0,562.0,0.1,1.0,0.828532853,0.1,1.0,0.827492858,2,1,# renzo-protocol.org,
71,0xd5f7838f5c461feff7fe49ea5ebaf7728bb0adfa,0,1,0,16.84174835,188123.6,0,9999,1,7193,0,0,0.0,0.0,0,0,0,0,0,0,10000,0,0.0,0,0.0,15,7298918469.0,0.0,0.0,0,13,0,6,0.0,55348.4,55455.12308,55348.4,0.0,7298918102.0,486594564.6,0.0,0.0,0.0,0.0,0.0,0.0,0,6,,Poseidon the Zeus Brother
72,0xaea46a60368a7bd060eec7df8cba43b7ef41ad85,0,1,0,13.54334867,147714.4667,0,9999,1,3219,0,0,0.065,1.48e-05,0,0,0,0,0,0,10000,0,0.147945416,0,0.147945416,10001,1.1600000000000002e+71,49620074.0,32118575.0,9926,36,1,10,0.000846348,22073.40901,22367.97557,163.3604027,0.0,1.1600000000000002e+71,1.54e+69,4999.0,4999.0,4999.0,4999.0,4999.0,4999.0,1,9,$ fetchprotocol.com,$ fetchprotocol.com
73,0xe7ae30c03395d66f30a26c49c91edae151747911,1,1,0,1388.369231,271607.4,0,196,1,190,0,0,0.0,0.0,0,0,0,0,0,0,197,0,0.0,0,0.0,0,0.0,0.0,0.0,0,0,0,0,0.0,0.0,0.0,0.0,0.0,0.0,0.0,0.0,0.0,0.0,0.0,0.0,0.0,0,0,,
74,0xca14007eff0db1f8135f4c25b34de49ab0d42766,0,0,0,66.94344869,669305.0,0,9999,0,3404,0,0,0.01280066,1.65e-06,0,0,0,0,0,0,9999,0,0.01650866,0,0.01650866,0,0.0,0.0,0.0,0,0,0,0,0.0,0.0,0.0,0.0,0.0,0.0,0.0,0.0,0.0,0.0,0.0,0.0,0.0,0,0,,
75,0x5cd8cd3c5e8780ccbc74277f22b099fefd04f5ef,0,1,0,2425.640769,630666.6,0,261,1,259,0,0,0.0,0.0,0,0,0,0,0,0,262,0,0.0,0,0.0,0,0.0,0.0,0.0,0,0,0,0,0.0,0.0,0.0,0.0,0.0,0.0,0.0,0.0,0.0,0.0,0.0,0.0,0.0,0,0,,
76,0xe0f63a424a4439cbe457d80e4f4b51ad25b2c56c,0,1,0,8.908641728,89074.8,0,9999,1,6236,0,0,1.0,0.000160549,0,0,0,0,0,0,10000,0,1.605331328,0,1.605331328,707,4.59e+17,398000000000000.0,388000000000000.0,6,222,7,182,11981.846,1909.081322,1912.236755,1699.557163,1e-07,9.95e+16,758000000000000.0,2.6e-06,114000000000000.0,3940000000000.0,258704.028,114000000000000.0,4130000000000.0,3,177,,Spooky Finance
77,0x6ad12e761b438bea3ea09f6c6266556bb24c2181,1,1,0,1061.4,17681.4,0,9,1,2,0,0,0.0,0.0,0,0,0,0,0,0,10,0,0.0,0,0.0,0,0.0,0.0,0.0,0,0,0,0,0.0,0.0,0.0,0.0,0.0,0.0,0.0,0.0,0.0,0.0,0.0,0.0,0.0,0,0,,
78,0xf1c9acdc66974dfb6decb12aa385b9cd01190e38,0,0,0,241.1135501,1090706.4,0,4429,0,2392,0,0,0.0,0.0,0,0,0,0,0,0,4429,0,0.0,0,0.0,0,0.0,0.0,0.0,0,0,0,0,0.0,0.0,0.0,0.0,0.0,0.0,0.0,0.0,0.0,0.0,0.0,0.0,0.0,0,0,,
79,0x44ff8620b8ca30902395a7bd3f2407e1a091bf73,0,1,0,43.0324865,430633.6,0,9999,1,6632,0,0,0.0,0.0,0,0,0,0,0,0,10000,0,0.0,0,0.0,7066,1e+23,175534200.0,108100600.0,4618,140,2,122,4.816913688,4476.862637,3757.257459,120.656051,1e-06,1e+23,5.48e+20,1800.0,68200.0,25502.57155,1800.0,68200.0,25477.39807,2,114,! VIRTUAL Reward Ticket (URL: virtualsynapse.org),JITO
80,0xe28b3b32b6c345a34ff64674606124dd5aceca30,0,1,0,9.651645329,97791.15,0,9999,1,3866,0,0,5.12531393,0.000650955,0,0,0,0,0,0,10000,0,6.50890229,0,6.50890229,10001,2.3200000000000004e+71,1.1600000000000002e+71,1.1600000000000002e+71,9965,29,2,13,0.85790847,45961.7819,47290.89951,160.883225,0.0,1.1600000000000002e+71,6.4299999999999996e+69,142.47,1.1600000000000002e+71,1.16e+67,142.47,1.1600000000000002e+71,1.6499999999999998e+67,1,12,$ injective.events,$ injective.events
81,0xd533a949740bb3306d119cc777fa900ba034cd52,0,1,0,0.31339768,3153.016667,0,9999,1,4694,0,0,5.0,0.001116429,0,0,0,0,0,0,10000,0,11.163176,0,11.163176,332,5.95e+17,6.04e+24,6.04e+24,7,178,18,68,21542.46404,11352.53887,11399.5575,8372.037664,0.0,5.95e+17,2460000000000000.0,0.0,9.37e+23,6.71e+22,29000.0,9.37e+23,6.87e+22,5,65,,YYFI.finance
82,0x5a98fcbea516cf06857215779fd812ca3bef1b32,0,1,0,27.11621662,271135.05,0,10000,1,6245,0,0,2.0,0.000810747,0,0,0,0,0,0,10001,0,8.10747441,0,8.10747441,4080,19401134.15,1.93e+24,5.9999999999999995e+23,3005,23,12,20,276.977701,90482.43472,83839.31667,534.9213614,1e-06,19400000.0,776045.3659,0.0,3.9e+23,4.76e+20,0.0,3.9e+23,2.09e+20,4,20,,Tsuka Protectors of the realm
83,0x756bfb452cfe36a5bc82e4f5f4261a89a18c242b,0,1,0,9184.528864,1644030.667,0,180,1,175,0,0,0.0,0.0,0,0,0,0,0,0,181,0,0.0,0,0.0,0,0.0,0.0,0.0,0,0,0,0,0.0,0.0,0.0,0.0,0.0,0.0,0.0,0.0,0.0,0.0,0.0,0.0,0.0,0,0,,
84,0xda7fa7248f62e051cca4af2522439a61d3976462,0,1,0,2648.992883,744367.0,0,282,1,278,0,0,0.0,0.0,0,0,0,0,0,0,283,0,0.0,0,0.0,0,0.0,0.0,0.0,0,0,0,0,0.0,0.0,0.0,0.0,0.0,0.0,0.0,0.0,0.0,0.0,0.0,0.0,0.0,0,0,,
85,0x73a15fed60bf67631dc6cd7bc5b6e8da8190acf5,0,1,0,9.327345469,93824.2,0,9999,1,6023,0,0,0.0,0.0,0,0,0,0,0,0,10000,0,0.0,0,0.0,10000,8.89e+21,12966755.0,7632577.0,9993,2,2,4,0.017193755,10858.53333,13024.92,6.518871887,2.917027806,8.89e+21,1.27e+21,705.0,1772.0,1297.583809,705.0,1772.0,1297.395377,1,2,!,!
86,0x18084fba666a33d37592fa2633fd49a74dd93a88,0,0,0,171.2659832,1712317.667,0,9999,0,4681,0,0,0.001,1e-07,0,0,0,0,0,0,9999,0,0.001,0,0.001,103,3090000000000000.0,0.0,0.0,0,89,0,89,0.0,4616.590196,4506.283168,5290.923596,1e-05,995000000000000.0,30000000000000.0,0.0,0.0,0.0,0.0,0.0,0.0,0,88,,Aiccelerate
87,0xc944e90c64b2c07662a292be6244bdf05cda44a7,0,1,0,0.593942122,5945.683333,0,9999,1,7189,0,0,0.011301824,2.92e-06,0,0,0,0,0,0,10000,0,0.029154648,0,0.029154648,10001,1.1600000000000002e+71,1.02e+24,1.02e+24,9781,136,2,27,4.539603353,7117.150077,7150.008873,154.4577224,0.0,1.1600000000000002e+71,5.31e+68,35000.0,6.17e+23,1.04e+20,35000.0,6.17e+23,1.78e+20,2,27,,$ graphtoken.net
88,0x0000000000085d4780b73119b644ae5ecd22b376,0,0,0,2.760977195,27726.85,0,9999,0,1814,0,0,0.0,0.0,0,0,0,0,0,0,9999,0,0.0,0,0.0,100,2939280090.0,0.0,0.0,0,79,0,41,0.0,35721.61246,36008.25612,35721.61246,0.0,1999999999.0,29392800.9,0.0,0.0,0.0,0.0,0.0,0.0,0,40,,Inu Inu
89,0x467bccd9d29f223bce8043b84e8c8b282827790f,0,1,0,30.74389878,307381.0667,0,9999,1,2893,0,0,0.0,0.0,0,0,0,0,0,0,10000,0,0.0,0,0.0,10001,6600000000000000.0,9861.0,6488.0,9861,120,1,19,0.001967546,16180.86115,16115.42802,224.9380238,0.0,6600000000000000.0,47100000000000.0,1.0,1.0,1.0,1.0,1.0,1.0,1,18,! telcoins.org,spingame.me
90,0xcf0c122c6b73ff809c693db761e7baebe62b6a2e,0,0,0,10.33715076,109597.7667,0,9999,0,5638,0,0,0.607256423,0.000109385,0,0,0,0,0,0,9999,0,1.093739496,0,1.093739496,0,0.0,0.0,0.0,0,0,0,0,0.0,0.0,0.0,0.0,0.0,0.0,0.0,0.0,0.0,0.0,0.0,0.0,0.0,0,0,,
91,0x699ccf919c1dfdfa4c374292f42cadc9899bf753,1,0,0,7.068953791,112201.8,0,9999,0,1400,0,0,0.0,0.0,0,0,0,0,0,0,9999,0,0.0,0,0.0,4,38.0,0.0,0.0,0,2,0,1,0.0,39870.8,51197.7,51197.7,1.0,24.0,9.5,0.0,0.0,0.0,0.0,0.0,0.0,0,1,,Vision
92,0x111111111117dc0aa78b770fa6a738034120c302,0,1,0,0.170184037,2021.633333,0,9999,1,7187,0,0,0.065425623,1.47e-05,0,0,0,0,0,0,10000,0,0.147242806,0,0.147242806,10000,933000000000000.0,8648.67,6066.51,8941,53,1,17,0.118772636,14356.32011,14597.27485,91.34821315,0.0,933000000000000.0,15800000000000.0,0.87,0.87,0.87,0.87,0.87,0.87,1,16,eth-1inch.io,AINU INU
93,0x712bd4beb54c6b958267d9db0259abdbb0bff606,0,1,0,34.66625325,827184.4,0,9999,1,2370,0,0,0.0,0.0,0,0,0,0,0,0,10000,0,0.0,0,0.0,14,1e+22,1.01e+22,1.01e+22,9,5,2,1,88857.725,361635.45,166930.6,111272.4462,10.0,1e+22,2e+21,200000.0,1e+22,1.12e+21,240000.0,1e+22,1.44e+21,2,1,UndeadServiceToken,UndeadServiceToken
94,0x6985884c4392d348587b19cb9eaaf157f13271cd,0,1,0,9.290578116,92907.4,0,9999,1,7393,0,0,0.026597201,2.58e-05,0,0,0,0,0,0,10000,0,0.257891086,0,0.257891086,97,100003598.6,8.18e+22,8.18e+22,31,28,2,10,4077.37377,19042.22941,19598.33939,6744.122917,1e-05,100000000.0,2857245.675,10000.0,8.18e+22,1.32e+21,10000.0,8.18e+22,2.1e+21,2,6,,LayerZero
95,0xec53bf9167f50cdeb3ae105f56099aaab9061f83,0,1,0,8.079675935,297919.4,0,9999,1,9676,0,0,0.0117469,1.52e-06,0,0,0,0,0,0,10000,0,0.0152469,0,0.0152469,10000,3270507509.0,6896505.757,6896505.757,1,2,1,3,0.170988395,14.71924,14.70962192,7.360356036,1.0,1673646668.0,653970.7076,1.0,2426394.292,1379.577067,1.0,2426394.292,1379.577067,1,2,Backing Eigen,Backing Eigen
96,0xf57e7e7c23978c3caec3c3548e3d615c346e79ff,0,1,0,2.831559645,39302.68333,0,9999,1,6069,0,0,0.25,2.66e-05,0,0,0,0,0,0,10000,0,0.266342796,0,0.266342796,10001,2.3200000000000004e+71,3.14e+23,1.83e+23,9926,48,3,14,16.7287743,16769.99119,16713.96957,117.4017585,0.0,1.1600000000000002e+71,3.26e+69,1500.0,1.83e+23,3.16e+19,1500.0,1.83e+23,5.22e+19,2,13,,# IMXtoken.net
97,0x48ab4e39ac59f4e88974804b04a991b3a402717f,0,1,0,3068.948235,260860.6,0,86,1,7,0,0,0.0,0.0,0,0,0,0,0,0,87,0,0.0,0,0.0,0,0.0,0.0,0.0,0,0,0,0,0.0,0.0,0.0,0.0,0.0,0.0,0.0,0.0,0.0,0.0,0.0,0.0,0.0,0,0,,
98,0x4b948d64de1f71fcd12fb586f4c776421a35b3ee,1,1,0,270.8371831,96155.6,0,356,1,198,0,0,0.009,0.000150966,0,0,0,0,0,0,357,0,0.053743918,0,0.053743918,2,10.02580039,0.0,0.0,0,2,0,2,0.0,86359.6,0.0,86359.6,5.0,5.02580039,5.012900195,0.0,0.0,0.0,0.0,0.0,0.0,0,2,,0G
99,0xaa7a9ca87d3694b5755f213b5d04094b8d0f0a6f,0,1,0,1.030416083,10302.85,0,9999,1,3730,0,0,0.44,0.000385763,0,0,0,0,0,0,10000,0,3.857247678,0,3.857247678,113,217259317.2,2.4e+23,6.26e+22,5,75,5,36,243206.3789,42103.57361,42546.76912,36088.77738,0.0,88888888.0,2239786.775,1.337,9.99e+22,1.5e+22,1.337,6.26e+22,5.21e+21,4,34,,Trace
100,0x83f20f44975d03b1b09e64809b757c47f942beea,0,1,0,34.22294459,443953.6,0,9999,1,3286,0,0,0.0,0.0,0,0,0,0,0,0,10000,0,0.0,0,0.0,10000,2168260068.0,2165142289.0,2165142289.0,1,2654,1,2,57.86430572,57.84212,43.15527105,28.9239524,0.0,56997000.0,433565.3005,0.0,56997000.0,433115.0808,0.0,56997000.0,433115.0808,1,2,Dai Stablecoin,Dai Stablecoin
101,0xc3c51c071e5f1eca09575ac35e90956ae3b27311,1,1,0,8659.672941,736073.2,0,86,1,52,0,0,0.0,0.0,0,0,0,0,0,0,87,0,0.0,0,0.0,1,1.4,0.0,0.0,0,1,0,1,0.0,0.0,0.0,0.0,1.4,1.4,1.4,0.0,0.0,0.0,0.0,0.0,0.0,0,1,,# eth-apy.org
102,0x05c9b6764a153faf4262d3885a845af694775953,1,1,0,543.9917857,609272.2,0,1121,1,851,0,0,2.0,0.002408447,0,0,0,0,0,0,1122,0,2.699868614,0,2.699868614,0,0.0,0.0,0.0,0,0,0,0,0.0,0.0,0.0,0.0,0.0,0.0,0.0,0.0,0.0,0.0,0.0,0.0,0.0,0,0,,
103,0x820ba67398c3ea745eb8766fd3f444a92d4de316,0,1,0,3430.35102,1176610.4,0,344,1,278,0,0,0.1671379,0.000485866,0,0,0,0,0,0,345,0,0.1671379,0,0.1671379,0,0.0,0.0,0.0,0,0,0,0,0.0,0.0,0.0,0.0,0.0,0.0,0.0,0.0,0.0,0.0,0.0,0.0,0.0,0,0,,
104,0x4876c5892d975780405f1b73802221b2850feb8e,1,1,0,106.8929577,7590.6,0,72,1,43,0,0,0.0,0.0,0,0,0,0,0,0,73,0,0.0,0,0.0,1,1.4,0.0,0.0,0,1,0,1,0.0,0.0,0.0,0.0,1.4,1.4,1.4,0.0,0.0,0.0,0.0,0.0,0.0,0,1,,# eth-apy.org
105,0x7e3e6DB63aAa23f25fdD97064093681dfDFf5A07,1,1,0,17714.608,1328619.6,0,76,1,28,0,0,0.0,0.0,0,0,0,0,0,0,77,0,0.0,0,0.0,0,0.0,0.0,0.0,0,0,0,0,0.0,0.0,0.0,0.0,0.0,0.0,0.0,0.0,0.0,0.0,0.0,0.0,0.0,0,0,,
106,0x8Cd8f4eB3C2dF2aaa4B4953C81E80Dae69824325,1,1,0,56.72475248,5748.6,0,102,1,31,0,0,0.0,0.0,0,0,0,0,0,0,103,0,0.0,0,0.0,0,0.0,0.0,0.0,0,0,0,0,0.0,0.0,0.0,0.0,0.0,0.0,0.0,0.0,0.0,0.0,0.0,0.0,0.0,0,0,,
107,0xdC1A16194E246a7483780b65f52fE197742c8ae1,1,1,0,1124.888462,175484.8,0,157,1,75,0,0,0.0,0.0,0,0,0,0,0,0,158,0,0.0,0,0.0,0,0.0,0.0,0.0,0,0,0,0,0.0,0.0,0.0,0.0,0.0,0.0,0.0,0.0,0.0,0.0,0.0,0.0,0.0,0,0,,
108,0x1B78F8403db4De43A92d5D12336AFc8b1c1d4086,1,1,0,492.2708333,23630.6,0,49,1,32,0,0,0.0,0.0,0,0,0,0,0,0,50,0,0.0,0,0.0,0,0.0,0.0,0.0,0,0,0,0,0.0,0.0,0.0,0.0,0.0,0.0,0.0,0.0,0.0,0.0,0.0,0.0,0.0,0,0,,
109,0x4f2c4dffa2f1b0c8695057d3a66b8e1a462f5834,1,1,0,7.726895379,94570.95,0,9999,1,784,0,0,0.0,0.0,0,0,0,0,0,0,10000,0,0.0,0,0.0,4,118589.0,0.0,0.0,0,3,0,2,0.0,164097.5222,148117.3167,164097.5222,1.0,89156.0,29647.25,0.0,0.0,0.0,0.0,0.0,0.0,0,2,,Running Vault Coin
110,0x6ea6531b603f270d23d9edd2d8279135dc5d6773,1,1,0,3.9105021,39765.26667,0,9999,1,2694,0,0,2.0,0.00030003,0,0,0,0,0,0,10000,0,3.0,0,3.0,12,444.8888889,0.0,0.0,0,12,0,12,0.0,268238.6773,289244.275,268238.6773,0.088888889,100.0,37.07407407,0.0,0.0,0.0,0.0,0.0,0.0,0,12,,UNIWORTH COIN
111,0x19c366386ed73c276ebf883d9c29a4d9208f54e1,1,1,0,1699.542024,752424.2833,0,421,1,28,0,0,0.0,0.0,0,0,0,0,0,0,422,0,0.0,0,0.0,0,0.0,0.0,0.0,0,0,0,0,0.0,0.0,0.0,0.0,0.0,0.0,0.0,0.0,0.0,0.0,0.0,0.0,0.0,0,0,,
112,0x93ed3fbe21207ec2e8f2d3c3de6e058cb73bc04d,0,1,0,96.82509669,968966.7667,0,9999,1,2233,0,0,0.0,0.0,0,0,0,0,0,0,10000,0,0.0,0,0.0,17,110187014.1,1.84e+23,1.84e+23,2,13,2,13,2651896.65,217123.3726,232396.1782,211647.4031,0.0,88888888.0,7345800.938,100.0,1.84e+23,9.2e+22,100.0,1.84e+23,9.2e+22,2,13,,www.dfw.vc????????????8000eth
113,0x99bc08db67f52010f2d6017b7ad968808113db10,1,1,0,2044.785731,3511227.233,0,1662,1,1096,0,0,0.0,0.0,0,0,0,0,0,0,1663,0,0.0,0,0.0,3,1.4,200.0,200.0,1,1,1,1,15.68333333,0.0,0.0,1328585.517,1.4,1.4,1.4,100.0,100.0,100.0,100.0,100.0,100.0,1,1,blockwell.ai KYC Casper Token,# eth-apy.org
114,0x574f84108a98c575794f75483d801d1d5dc861a5,0,1,0,51.12115923,511514.2,0,9999,1,5574,0,0,0.0,0.0,0,0,0,0,0,0,10000,0,0.0,0,0.0,11,917680563.1,0.0,0.0,0,10,0,11,0.0,258553.59,274740.6074,258553.59,0.0005,888888888.0,83425505.74,0.0,0.0,0.0,0.0,0.0,0.0,0,11,,www.dfw.vc????????????8000eth
115,0x662abcad0b7f345ab7ffb1b1fbb9df7894f18e66,1,1,0,5.708227489,57076.56667,0,10000,1,544,0,0,1.0,0.000221,0,0,0,0,0,0,10001,0,2.21,0,2.21,22,21040740.95,1.337,1.337,1,18,1,14,0.0,97074.46833,102183.6509,92451.8746,0.4,21000000.0,1001940.045,1.337,1.337,1.337,1.337,1.337,1.337,1,14,brief.blockwell.ai,https://www.yidaibi.me/ ??????????????? Create tokens easily
116,0x744d70fdbe2ba4cf95131626614a1763df805b9e,0,1,0,1.275428419,12756.23333,0,9999,1,3581,0,0,19.5,0.017655835,0,0,0,0,0,0,10000,0,176.5406972,0,176.5406972,114,930703811.0,1.08e+25,5.34e+24,4,75,3,77,318467.6783,42228.90539,42514.46782,38118.12699,1e-05,888888888.0,9035959.33,1.337,1.87e+24,9.81e+23,1.337,1.87e+24,1.07e+24,2,74,,www.dfw.vc????????????8000eth
117,0x765f0c16d1ddc279295c1a7c24b0883f62d33f75,0,1,0,587.6414421,4012416.833,0,6829,1,2772,0,0,4.0,0.000594325,0,0,0,0,0,0,6830,0,4.058644407,0,4.058644407,9,109911583.0,0.0,0.0,0,9,0,9,0.0,309082.5333,343593.3714,309082.5333,7.78e-11,88888888.0,12212398.11,0.0,0.0,0.0,0.0,0.0,0.0,0,9,,www.dfw.vc????????????8000eth
118,0x0794ce7d4459105926da230f318c1e34bc790517,1,1,0,530.5507969,3262394.2,0,6150,1,1341,0,0,0.04,6.5e-06,0,0,0,0,0,0,6151,0,0.04,0,0.04,4,4966.4,100.0,100.0,1,3,1,3,0.0,1069673.025,184466.8,885280.25,1.4,4800.0,1655.466667,100.0,100.0,100.0,100.0,100.0,100.0,1,3,blockwell.ai KYC Casper Token,Chart 4 You
119,0x2AE38b2b47BF41Ba4aB8F749B092FDd02b00bc1e,1,1,0,1228.065366,251773.8,0,206,1,134,0,0,5.0,0.033980583,0,0,0,0,0,0,207,0,7.0,0,7.0,398,55080108.71,55048452.14,55048452.14,1,47,1,1,14.76901408,3.228923077,3.05,2.643324937,5.924528402,49000000.0,168957.3887,4440.750352,49000000.0,764561.8353,4440.750352,49000000.0,764561.8353,1,1,Wisdom Protocol,Wisdom Protocol
120,0x16756EC1DEb89A2106C35E0B586a799D0A61837D,1,1,0,203.0748351,2001312.4,0,9856,1,4913,0,0,0.28327356,9.55e-05,0,0,0,0,0,0,9857,0,0.941156751,0,0.941156751,4,52775296739.0,0.0,0.0,0,4,0,3,0.0,113691.4444,169841.8667,113691.4444,200822.4903,49796899000.0,13193824185.0,0.0,0.0,0.0,0.0,0.0,0.0,0,3,,CHEDDAMAX
121,0xb504035a11E672e12a099F32B1672b9C4a78b22f,0,1,0,2.677855571,26780.0,0,9999,1,5868,0,0,0.634197416,0.000113154,0,0,0,0,0,0,10000,0,1.131427174,0,1.131427174,9,45571102493.0,0.0,0.0,0,9,0,7,0.0,125955.025,143308.3714,125955.025,1e-07,42669152452.0,5063455833.0,0.0,0.0,0.0,0.0,0.0,0.0,0,7,,SafeShiba
122,0x25febd7c860b50c79dd38815a451b08f74b7cee5,1,1,0,0.541176471,198.1333333,0,35,1,32,0,0,0.0,0.0,0,0,0,0,0,0,36,0,0.0,0,0.0,0,0.0,0.0,0.0,0,0,0,0,0.0,0.0,0.0,0.0,0.0,0.0,0.0,0.0,0.0,0.0,0.0,0.0,0.0,0,0,,
123,0xc63083fb57d30a744a95959bea21a8f37362fc9f,1,1,0,0.3625,18.4,0,49,1,46,0,0,0.0,0.0,0,0,0,0,0,0,50,0,0.0,0,0.0,0,0.0,0.0,0.0,0,0,0,0,0.0,0.0,0.0,0.0,0.0,0.0,0.0,0.0,0.0,0.0,0.0,0.0,0.0,0,0,,
124,0x3f3c4047ad966abbaa08082e32c6932c145c36d0,1,1,0,0.5875,19.8,0,33,1,29,0,0,0.0,0.0,0,0,0,0,0,0,34,0,0.0,0,0.0,0,0.0,0.0,0.0,0,0,0,0,0.0,0.0,0.0,0.0,0.0,0.0,0.0,0.0,0.0,0.0,0.0,0.0,0.0,0,0,,
125,0x455c31c92810770bcdaeec9287e45b7979aa1e60,1,1,0,3267.046667,98012.4,0,31,1,27,0,0,0.0,0.0,0,0,0,0,0,0,32,0,0.0,0,0.0,0,0.0,0.0,0.0,0,0,0,0,0.0,0.0,0.0,0.0,0.0,0.0,0.0,0.0,0.0,0.0,0.0,0.0,0.0,0,0,,
126,0x228fb8d52623f7d948659883664a0618e3c71669,1,1,0,0.154545455,8.6,0,45,1,37,0,0,0.0,0.0,0,0,0,0,0,0,46,0,0.0,0,0.0,0,0.0,0.0,0.0,0,0,0,0,0.0,0.0,0.0,0.0,0.0,0.0,0.0,0.0,0.0,0.0,0.0,0.0,0.0,0,0,,
127,0xec3da6eb53e214bdae147cc58bf2c401105d5a1c,1,1,0,0.117948718,5.8,0,40,1,38,0,0,0.0,0.0,0,0,0,0,0,0,41,0,0.0,0,0.0,0,0.0,0.0,0.0,0,0,0,0,0.0,0.0,0.0,0.0,0.0,0.0,0.0,0.0,0.0,0.0,0.0,0.0,0.0,0,0,,
128,0x973aecf305351e5e7fd178b738f734f6644b1008,1,1,0,0.269565217,7.2,0,24,1,21,0,0,0.0,0.0,0,0,0,0,0,0,25,0,0.0,0,0.0,0,0.0,0.0,0.0,0,0,0,0,0.0,0.0,0.0,0.0,0.0,0.0,0.0,0.0,0.0,0.0,0.0,0.0,0.0,0,0,,
129,0xc43e1c61de02d65d8d1146b7bb9f164f01f05be9,1,1,0,25.07826087,579.2,0,24,1,19,0,0,0.0,0.0,0,0,0,0,0,0,25,0,0.0,0,0.0,0,0.0,0.0,0.0,0,0,0,0,0.0,0.0,0.0,0.0,0.0,0.0,0.0,0.0,0.0,0.0,0.0,0.0,0.0,0,0,,
130,0x4de7fcf157f64c791ef8359a3546fa2395bdddbd,1,1,0,0.68,15.2,0,21,1,19,0,0,0.0,0.0,0,0,0,0,0,0,22,0,0.0,0,0.0,0,0.0,0.0,0.0,0,0,0,0,0.0,0.0,0.0,0.0,0.0,0.0,0.0,0.0,0.0,0.0,0.0,0.0,0.0,0,0,,
131,0xe053cf2bc6dd5e3e773f23606846859eddfe4925,1,1,0,0.321428571,11.4,0,29,1,24,0,0,0.0,0.0,0,0,0,0,0,0,30,0,0.0,0,0.0,42,4996821168.0,0.0,0.0,0,1,0,1,0.0,0.087804878,0.09,0.087804878,5375162.294,2360783747.0,118971932.6,0.0,0.0,0.0,0.0,0.0,0.0,0,1,,88 Dollar Millionaire
132,0xd8ff89ab224f92403564073967aa2a5d1dcc9266,1,1,0,0.336363636,10.2,0,23,1,19,0,0,0.0,0.0,0,0,0,0,0,0,24,0,0.0,0,0.0,23,975650079.7,0.0,0.0,0,1,0,1,0.0,0.154545455,0.161904762,0.154545455,33335915.93,49500000.0,42419568.68,0.0,0.0,0.0,0.0,0.0,0.0,0,1,,Grinch INU
133,0x917216459430b99034767416c21f54f82abb5db6,0,1,0,573.0804173,1208629.2,0,2110,1,1656,0,0,0.0275,0.012578199,0,0,0,0,0,0,2111,0,26.54,0,26.54,0,0.0,0.0,0.0,0,0,0,0,0.0,0.0,0.0,0.0,0.0,0.0,0.0,0.0,0.0,0.0,0.0,0.0,0.0,0,0,,
134,0x5773681cbebf0f3fb79fdb139bda12efbc12a7a9,1,1,0,7607.66729,814838.0,0,108,1,64,0,0,0.0,0.0,0,0,0,0,0,0,109,0,0.0,0,0.0,0,0.0,0.0,0.0,0,0,0,0,0.0,0.0,0.0,0.0,0.0,0.0,0.0,0.0,0.0,0.0,0.0,0.0,0.0,0,0,,
135,0xe935FAf8EeEeAC1FC4A15349244555c27C61f5c4,1,1,0,6.3575,512.0,0,81,1,67,0,0,1.5,0.018518519,0,0,0,0,0,0,82,0,1.5,0,1.5,200,1e+22,1005000000.0,1005000000.0,1,49,1,1,71.11428571,2.638743455,2.618947368,2.532663317,6161.809094,1e+22,5.21e+19,5000000.0,970000000.0,125625000.0,5000000.0,970000000.0,125625000.0,1,1,Violet Evergarden,Violet Evergarden
136,0x0d6a4F6B019Dd74eA24B4569bB19161f298Fd6dB,1,1,0,1.759663866,220.8,0,120,1,94,0,0,1.8,0.015,0,0,0,0,0,0,121,0,1.8,0,1.8,267,96000000.0,96000000.0,96000000.0,2,62,1,1,0.0,1.331060606,1.314068441,1.326037736,0.0,96000000.0,362264.1509,0.0,96000000.0,48000000.0,0.0,96000000.0,48000000.0,1,1,Mighty Mouse,Mighty Mouse
137,0x14aa9c36d76901fe1ebcc860038aee9318596103,0,1,0,210.38597,1349838.0,0,6417,1,1052,0,0,6.0,0.052115241,0,0,0,0,0,0,6418,0,334.4235021,0,334.4235021,1121,1.4,34312029.77,787919.084,557,1,1,1,135.383527,0.0,0.0,1998.185833,1.4,1.4,1.4,0.00015506,21000000.0,30635.74087,0.00310128,202568.0,5751.23419,1,1,JBC Token,# apy-eth.com
138,0xD65960FAcb8E4a2dFcb2C2212cb2e44a02e2a57E,0,1,0,63.00758652,629954.35,0,9999,1,742,0,0,0.01,1.11e-06,0,0,0,0,0,0,10000,0,0.0111,0,0.0111,53,109905464.5,1.337,1.337,1,18,1,15,0.0,24469.17451,24818.275,23998.61346,7.78e-11,88888888.0,2113566.624,1.337,1.337,1.337,1.337,1.337,1.337,1,15,brief.blockwell.ai,www.dfw.vc????????????8000eth
139,0x1ce822FAf12354C4202Bb95e67564C80c65689a7,1,1,0,2336.086815,1576866.8,0,676,1,542,0,0,0.0003,4.44e-07,0,0,0,0,0,0,677,0,0.0003,0,0.0003,2,71.4,0.0,0.0,0,2,0,2,0.0,487887.2,0.0,0.0,1.4,70.0,35.7,0.0,0.0,0.0,0.0,0.0,0.0,0,2,,Tether USD
140,0x082D7215fdfa70D969D7Fb5E783F8fE86A463330,0,1,0,1763.988088,1125430.0,0,639,1,428,0,0,0.0,0.0,0,0,0,0,0,0,640,0,0.0,0,0.0,1250,8836561.088,8836463.235,8836463.235,1,304,1,1,378.6401316,317.3569915,317.6935313,127.8971111,0.00719129,2402067.497,9350.858294,8.371108756,2666789.825,28972.01061,8.371108756,2666789.825,28972.01061,1,1,Friendchips.tech,Friendchips.tech
141,0xAdD1077851588300c8C7d0313e71F4D68E2414D6,1,1,0,75546.40758,2493635.45,0,34,1,32,0,0,0.0,0.0,0,0,0,0,0,0,35,0,0.0,0,0.0,1,2000.0,0.0,0.0,0,1,0,1,0.0,0.0,0.0,0.0,2000.0,2000.0,2000.0,0.0,0.0,0.0,0.0,0.0,0.0,0,1,,k3psav.finance
142,0x215d253583D79259C56FfA188DC0744f6A7d26c1,1,1,0,51.08571429,1075.2,0,22,1,15,0,0,0.0,0.0,0,0,0,0,0,0,23,0,0.0,0,0.0,0,0.0,0.0,0.0,0,0,0,0,0.0,0.0,0.0,0.0,0.0,0.0,0.0,0.0,0.0,0.0,0.0,0.0,0.0,0,0,,
143,0x4c1cdef065c27dd08037d693c512bb7ed4c38f17,1,1,0,104.9626829,447037.2833,0,4260,1,394,0,0,0.0,0.0,0,0,0,0,0,0,4261,0,0.0,0,0.0,0,0.0,0.0,0.0,0,0,0,0,0.0,0.0,0.0,0.0,0.0,0.0,0.0,0.0,0.0,0.0,0.0,0.0,0.0,0,0,,
144,0x7dDF7aaDbC1c816497286ceabB38532B34ba69C7,1,1,0,37.26666667,467.4,0,13,1,12,0,0,0.0,0.0,0,0,0,0,0,0,14,0,0.0,0,0.0,18,900000000.0,0.0,0.0,0,1,0,1,0.0,32.82352941,34.875,32.82352941,2580798.329,797300513.6,50000000.0,0.0,0.0,0.0,0.0,0.0,0.0,0,1,,Dwagon
145,0x639AbAFB8977419eAd44e33ffB14FCCEdFBFd48f,1,1,0,1.908333333,39.8,0,21,1,20,0,0,0.0,0.0,0,0,0,0,0,0,22,0,0.0,0,0.0,0,0.0,0.0,0.0,0,0,0,0,0.0,0.0,0.0,0.0,0.0,0.0,0.0,0.0,0.0,0.0,0.0,0.0,0.0,0,0,,
146,0x0b6e701cd51a9e1b5829a4c4fe2130d60c0c4f6c,1,1,0,1068.05243,3560892.383,0,3335,1,146,0,0,0.0015,4.5e-07,0,0,0,0,0,0,3336,0,0.0015,0,0.0015,2,2.4,0.0,0.0,0,2,0,2,0.0,2458142.117,0.0,2458142.117,1.0,1.4,1.2,0.0,0.0,0.0,0.0,0.0,0.0,0,2,,# eth-apy.org
147,0x1a45a07a01e29174ea7d62ec50c84a44b571bac8,1,1,0,113.8426541,606214.7833,0,5326,1,107,0,0,0.0,0.0,0,0,0,0,0,0,5327,0,0.0,0,0.0,3,1018.5,0.0,0.0,0,3,0,2,0.0,167874.5583,288603.9167,167874.5583,83.5,727.0,339.5,0.0,0.0,0.0,0.0,0.0,0.0,0,2,,Atrophytokenpay
148,0x1dd34b35d96f5159567ef4cad2c69c0f87c3195c,1,1,0,630.8940894,3347841.517,0,5305,1,4392,0,0,0.0,0.0,0,0,0,0,0,0,5306,0,0.0,0,0.0,4,1.7,0.0,0.0,0,2,0,2,0.0,758284.8056,1137384.317,758284.8056,0.1,1.4,0.425,0.0,0.0,0.0,0.0,0.0,0.0,0,2,,# eth-apy.org
149,0x1f10822c753a1f587923d9916e64738ee7c27419,1,1,0,126807.7253,3423811.167,0,28,1,10,0,0,0.0,0.0,0,0,0,0,0,0,29,0,0.0,0,0.0,0,0.0,0.0,0.0,0,0,0,0,0.0,0.0,0.0,0.0,0.0,0.0,0.0,0.0,0.0,0.0,0.0,0.0,0.0,0,0,,
150,0x2bba3cf6de6058cc1b4457ce00deb359e2703d7f,1,1,0,14.75256385,148578.8667,0,9999,1,1158,0,0,0.001,1e-07,0,0,0,0,0,0,10000,0,0.001,0,0.001,12,109898298.2,0.0,0.0,0,12,0,12,0.0,142187.4545,152069.9517,142187.4545,1e-16,88888888.0,9158191.514,0.0,0.0,0.0,0.0,0.0,0.0,0,12,,www.dfw.vc????????????8000eth
151,0x2bda5b625d3b50848e8563480ed50ec782dd42ee,1,1,0,762.051885,1745110.583,0,2291,1,245,0,0,0.000109232,4.77e-08,0,0,0,0,0,0,2292,0,0.000109232,0,0.000109232,6,6000015974.0,6000000000.0,0.0,1,4,1,2,0.0,221754.4167,123794.6056,177403.5333,450.0,6000000000.0,1200003195.0,6000000000.0,6000000000.0,6000000000.0,0.0,0.0,0.0,1,2,BetEncore,BetEncore
152,0x2dcfce5df534b5bd27d3f1cf78e17d67addd0bce,1,1,0,882.2224409,1268549.433,0,1424,1,181,0,0,0.0,0.0,0,0,0,0,0,0,1425,0,0.0,0,0.0,1,1.0,0.0,0.0,0,1,0,1,0.0,0.0,0.0,0.0,1.0,1.0,1.0,0.0,0.0,0.0,0.0,0.0,0.0,0,1,,The Force Token
153,0x3de1453931b1956611786ca520b30710c5b6ae3e,1,1,0,582.0277778,1748.45,0,4,1,2,0,0,0.0,0.0,0,0,0,0,0,0,5,0,0.0,0,0.0,0,0.0,0.0,0.0,0,0,0,0,0.0,0.0,0.0,0.0,0.0,0.0,0.0,0.0,0.0,0.0,0.0,0.0,0.0,0,0,,
154,0x4f741424b57d12f2e7b51d7dfe17584d90cc3f88,1,1,0,16952.00356,1989116.517,0,118,1,21,0,0,0.0,0.0,0,0,0,0,0,0,119,0,0.0,0,0.0,4,3702.0,1.0,1.0,1,3,1,2,0.0,1005579.708,2011159.417,1005579.708,1.0,3700.0,1234.0,1.0,1.0,1.0,1.0,1.0,1.0,1,2,BTCCREDIT Token,Chart 4 You
155,0x6d3475a51ef25e210e7f2851ce4af528738a975a,0,1,0,429.5039221,3263372.683,0,7599,1,1951,0,0,0.0,0.0,0,0,0,0,0,0,7600,0,0.0,0,0.0,0,0.0,0.0,0.0,0,0,0,0,0.0,0.0,0.0,0.0,0.0,0.0,0.0,0.0,0.0,0.0,0.0,0.0,0.0,0,0,,
156,0x7e0d051ec68668d603c4e33255d1aed342a691b7,1,1,0,341.7674618,181203.8333,0,525,1,230,0,0,0.0,0.0,0,0,0,0,0,0,526,0,0.0,0,0.0,1,2.0,0.0,0.0,0,1,0,1,0.0,0.0,0.0,0.0,2.0,2.0,2.0,0.0,0.0,0.0,0.0,0.0,0.0,0,1,,The Force Token
157,0x8bcb64bfda77905398b67af0af084c744e777a20,1,1,0,10.07396479,102293.3,0,9999,1,1350,0,0,4.5,0.000450045,0,0,0,0,0,0,10000,0,4.5,0,4.5,12,377570.81,0.0,0.0,0,8,0,9,0.0,108925.1727,108400.7433,108925.1727,0.017,354660.0,31464.23417,0.0,0.0,0.0,0.0,0.0,0.0,0,8,,GameCell
158,0x9b11efcaaa1890f6ee52c6bb7cf8153ac5d74139,1,1,0,4.580454424,46149.48333,0,9999,1,714,0,0,2.586,0.000326633,0,0,0,0,0,0,10000,0,3.266,0,3.266,32,33020059.25,1.337,1.337,1,29,1,16,0.0,69913.04,71962.3546,67657.78065,0.4,21000000.0,1065163.201,1.337,1.337,1.337,1.337,1.337,1.337,1,16,brief.blockwell.ai,https://www.yidaibi.me/ ??????????????? Create tokens easily
159,0x14c926f2290044b647e1bf2072e67b495eff1905,0,1,0,43.56008434,435557.2833,0,10000,1,3656,0,0,2.5e-05,2.5e-09,0,0,0,0,0,0,10001,0,2.5e-05,0,2.5e-05,9,138688143.0,100.0,0.0,1,6,1,6,0.0,295177.5738,342884.1389,309083.9521,0.0001,88888888.0,17336017.87,100.0,100.0,100.0,0.0,0.0,0.0,1,6,blockwell.ai KYC Casper Token,www.dfw.vc????????????8000eth
160,0x17d30c85376bc2c39edc1da179162d308559a3c4,1,1,0,1779.296491,347954.1,0,191,1,31,0,0,0.0,0.0,0,0,0,0,0,0,192,0,0.0,0,0.0,0,0.0,0.0,0.0,0,0,0,0,0.0,0.0,0.0,0.0,0.0,0.0,0.0,0.0,0.0,0.0,0.0,0.0,0.0,0,0,,
161,0x21f15966e07a10554c364b988e91dab01d32794a,1,1,0,3.283840101,32901.71667,0,9999,1,1995,0,0,0.0,0.0,0,0,0,0,0,0,10000,0,0.0,0,0.0,17,8515.266089,100.0,0.0,1,10,1,10,0.0,63650.04333,68194.99167,59671.91563,0.0002,7000.0,532.2041306,100.0,100.0,100.0,0.0,0.0,0.0,1,10,blockwell.ai KYC Casper Token,DataShieldCoinBank
162,0x031e0c6a7c91df1bc171d33cccc6988fd2ddeb6f,1,1,0,932.0207113,2991882.533,0,3211,1,136,0,0,0.0,0.0,0,0,0,0,0,0,3212,0,0.0,0,0.0,1,4800.0,0.0,0.0,0,1,0,1,0.0,0.0,0.0,0.0,4800.0,4800.0,4800.0,0.0,0.0,0.0,0.0,0.0,0.0,0,1,,Chart 4 You
163,0x46bf6e3e2d51bc587de0e2121748fd15dec991d1,1,1,0,1013.92774,595288.75,0,588,1,101,0,0,0.0,0.0,0,0,0,0,0,0,589,0,0.0,0,0.0,0,0.0,0.0,0.0,0,0,0,0,0.0,0.0,0.0,0.0,0.0,0.0,0.0,0.0,0.0,0.0,0.0,0.0,0.0,0,0,,
164,0x55f93985431fc9304077687a35a1ba103dc1e081,0,1,0,4.573289658,45771.23333,0,9999,1,2556,0,0,0.0,0.0,0,0,0,0,0,0,10000,0,0.0,0,0.0,34,149572.2907,75987.86969,100.0,3,20,10,19,12137.78889,49837.79783,50992.17955,34735.43485,0.0007,73584.9203,6232.178779,0.888888889,73584.9203,7598.786969,100.0,100.0,100.0,10,19,SmartMesh Token,SmartMesh
165,0x381beac50b9a5ea06a320a72592f7460c49a2b48,0,1,0,13.21292092,144898.4,0,9999,1,704,0,0,0.0,0.0,0,0,0,0,0,0,10000,0,0.0,0,0.0,0,0.0,0.0,0.0,0,0,0,0,0.0,0.0,0.0,0.0,0.0,0.0,0.0,0.0,0.0,0.0,0.0,0.0,0.0,0,0,,
166,0x57b5cc6c8f6ed481be23fa411671128ebbdb3c33,1,1,0,3601.599099,266520.3833,0,75,1,49,0,0,0.0,0.0,0,0,0,0,0,0,76,0,0.0,0,0.0,0,0.0,0.0,0.0,0,0,0,0,0.0,0.0,0.0,0.0,0.0,0.0,0.0,0.0,0.0,0.0,0.0,0.0,0.0,0,0,,
167,0xf69a9b73a45e8ce7fd75bc0e7773824c585f6f35,1,1,0,79.93666667,1291.883333,0,16,1,13,0,0,0.0,0.0,0,0,0,0,0,0,17,0,0.0,0,0.0,0,0.0,0.0,0.0,0,0,0,0,0.0,0.0,0.0,0.0,0.0,0.0,0.0,0.0,0.0,0.0,0.0,0.0,0.0,0,0,,
168,0xd74d7e9fee4283564dac6d524c0f80170504cec6,1,1,0,5.876190476,724.7333333,0,8,1,8,0,0,0.0,0.0,0,0,0,0,0,0,9,0,0.0,0,0.0,0,0.0,0.0,0.0,0,0,0,0,0.0,0.0,0.0,0.0,0.0,0.0,0.0,0.0,0.0,0.0,0.0,0.0,0.0,0,0,,
169,0xa0ade8c33166662c28fde74c3321e260be230315,1,1,0,81.9,507.3833333,0,5,1,4,0,0,0.0,0.0,0,0,0,0,0,0,6,0,0.0,0,0.0,0,0.0,0.0,0.0,0,0,0,0,0.0,0.0,0.0,0.0,0.0,0.0,0.0,0.0,0.0,0.0,0.0,0.0,0.0,0,0,,
170,0x9671065b4fad632222de0f4e0d873fe26d908e3d,1,1,0,9.177777778,74.68333333,0,4,1,4,0,0,0.0,0.0,0,0,0,0,0,0,5,0,0.0,0,0.0,0,0.0,0.0,0.0,0,0,0,0,0.0,0.0,0.0,0.0,0.0,0.0,0.0,0.0,0.0,0.0,0.0,0.0,0.0,0,0,,
171,0x4cc9c3ccfa6b3fc0ea72a80cf179fef3774af5e0,1,1,0,754.0346154,10181.36667,0,14,1,13,0,0,1e-09,7.14e-11,0,0,0,0,0,0,15,0,1e-09,0,1e-09,0,0.0,0.0,0.0,0,0,0,0,0.0,0.0,0.0,0.0,0.0,0.0,0.0,0.0,0.0,0.0,0.0,0.0,0.0,0,0,,
172,0x1521074a4423265c7c9ddd88296997eaea210dc5,1,1,0,6.15,10.73333333,0,2,1,2,0,0,0.0,0.0,0,0,0,0,0,0,3,0,0.0,0,0.0,0,0.0,0.0,0.0,0,0,0,0,0.0,0.0,0.0,0.0,0.0,0.0,0.0,0.0,0.0,0.0,0.0,0.0,0.0,0,0,,
173,0x61a956a62828e995f8835e5c425fd735053cd0af,1,1,0,61235.12917,1226044.15,0,21,1,10,0,0,0.0,0.0,0,0,0,0,0,0,22,0,0.0,0,0.0,0,0.0,0.0,0.0,0,0,0,0,0.0,0.0,0.0,0.0,0.0,0.0,0.0,0.0,0.0,0.0,0.0,0.0,0.0,0,0,,
174,0x21678d17d7844762ab3c39e0351996ba3a3e6035,1,1,0,419.6166667,3915.566667,0,10,1,8,0,0,0.0,0.0,0,0,0,0,0,0,11,0,0.0,0,0.0,0,0.0,0.0,0.0,0,0,0,0,0.0,0.0,0.0,0.0,0.0,0.0,0.0,0.0,0.0,0.0,0.0,0.0,0.0,0,0,,
175,0xa940d5aacbc0cba1a59d761b3dba16ebf2ee0510,1,1,0,5.2375,426.0666667,0,5,1,5,0,0,0.0,0.0,0,0,0,0,0,0,6,0,0.0,0,0.0,0,0.0,0.0,0.0,0,0,0,0,0.0,0.0,0.0,0.0,0.0,0.0,0.0,0.0,0.0,0.0,0.0,0.0,0.0,0,0,,
176,0x15489e5e954f91f530f5521dec51d9e704e931e9,1,1,0,759.0583333,2309.066667,0,3,1,2,0,0,0.0,0.0,0,0,0,0,0,0,4,0,0.0,0,0.0,0,0.0,0.0,0.0,0,0,0,0,0.0,0.0,0.0,0.0,0.0,0.0,0.0,0.0,0.0,0.0,0.0,0.0,0.0,0,0,,
177,0x510820b74d0d1e0310d670a94ee6f3204238da37,1,1,0,38.5,126.5833333,0,4,1,4,0,0,0.0,0.0,0,0,0,0,0,0,5,0,0.0,0,0.0,0,0.0,0.0,0.0,0,0,0,0,0.0,0.0,0.0,0.0,0.0,0.0,0.0,0.0,0.0,0.0,0.0,0.0,0.0,0,0,,
178,0x54c808593c99644c187e0dfab6b725d9319c165f,1,1,0,22807.54722,137262.6833,0,7,1,3,0,0,0.0,0.0,0,0,0,0,0,0,8,0,0.0,0,0.0,0,0.0,0.0,0.0,0,0,0,0,0.0,0.0,0.0,0.0,0.0,0.0,0.0,0.0,0.0,0.0,0.0,0.0,0.0,0,0,,
179,0x87a7712924ed990c588f3e45474831478da50a60,1,1,0,94.65606061,1057.45,0,12,1,8,0,0,0.0,0.0,0,0,0,0,0,0,13,0,0.0,0,0.0,0,0.0,0.0,0.0,0,0,0,0,0.0,0.0,0.0,0.0,0.0,0.0,0.0,0.0,0.0,0.0,0.0,0.0,0.0,0,0,,
180,0xfd4a79181d65cde2bffe3113e0b9aa1661df075c,1,1,0,25.71111111,132.2166667,0,4,1,4,0,0,0.0,0.0,0,0,0,0,0,0,5,0,0.0,0,0.0,0,0.0,0.0,0.0,0,0,0,0,0.0,0.0,0.0,0.0,0.0,0.0,0.0,0.0,0.0,0.0,0.0,0.0,0.0,0,0,,
181,0x389f518379dc7bcae691d6750725f724b7a486a6,1,1,0,11.0125,94.23333333,0,9,1,4,0,0,0.005,0.000555556,0,0,0,0,0,0,10,0,0.005,0,0.005,0,0.0,0.0,0.0,0,0,0,0,0.0,0.0,0.0,0.0,0.0,0.0,0.0,0.0,0.0,0.0,0.0,0.0,0.0,0,0,,
182,0xee25871f4325223af51d2951792a6f966d4f85e8,1,1,0,3023.631111,45950.3,0,16,1,13,0,0,0.0,0.0,0,0,0,0,0,0,17,0,0.0,0,0.0,0,0.0,0.0,0.0,0,0,0,0,0.0,0.0,0.0,0.0,0.0,0.0,0.0,0.0,0.0,0.0,0.0,0.0,0.0,0,0,,
183,0x9272d147b49bb8f03d381333047a6ce9595e89fa,1,1,0,116754.7648,1052100.1,0,10,1,9,0,0,0.0,0.0,0,0,0,0,0,0,11,0,0.0,0,0.0,0,0.0,0.0,0.0,0,0,0,0,0.0,0.0,0.0,0.0,0.0,0.0,0.0,0.0,0.0,0.0,0.0,0.0,0.0,0,0,,
184,0x263f500368d52bf3ddb3d48b119725177b9bcbd7,1,1,0,23.46111111,117.7166667,0,4,1,3,0,0,0.0,0.0,0,0,0,0,0,0,5,0,0.0,0,0.0,0,0.0,0.0,0.0,0,0,0,0,0.0,0.0,0.0,0.0,0.0,0.0,0.0,0.0,0.0,0.0,0.0,0.0,0.0,0,0,,
185,0x65f5683329365fe7d676ffd906d108b54a4768be,1,1,0,16.56666667,55.88333333,0,3,1,3,0,0,0.0,0.0,0,0,0,0,0,0,4,0,0.0,0,0.0,0,0.0,0.0,0.0,0,0,0,0,0.0,0.0,0.0,0.0,0.0,0.0,0.0,0.0,0.0,0.0,0.0,0.0,0.0,0,0,,
186,0x79b1b53aa068742e4333d47e28ae5cb2f8e71aaa,1,1,0,45.1,191.4,0,5,1,4,0,0,0.0,0.0,0,0,0,0,0,0,6,0,0.0,0,0.0,0,0.0,0.0,0.0,0,0,0,0,0.0,0.0,0.0,0.0,0.0,0.0,0.0,0.0,0.0,0.0,0.0,0.0,0.0,0,0,,
187,0x03c9436d54db599018842387d9d6075d81580726,1,1,0,830.1722222,2758.8,0,4,1,3,0,0,0.0,0.0,0,0,0,0,0,0,5,0,0.0,0,0.0,0,0.0,0.0,0.0,0,0,0,0,0.0,0.0,0.0,0.0,0.0,0.0,0.0,0.0,0.0,0.0,0.0,0.0,0.0,0,0,,
188,0xc6cb32d19abe4821d6e4970a3962dfcecb4247c9,1,1,0,127.3583333,504.9666667,0,3,1,2,0,0,0.0,0.0,0,0,0,0,0,0,4,0,0.0,0,0.0,0,0.0,0.0,0.0,0,0,0,0,0.0,0.0,0.0,0.0,0.0,0.0,0.0,0.0,0.0,0.0,0.0,0.0,0.0,0,0,,
189,0xe34e9e65f677dff45cf88771109fcd9049486cdf,1,1,0,165.5888889,751.2,0,4,1,4,0,0,0.0,0.0,0,0,0,0,0,0,5,0,0.0,0,0.0,0,0.0,0.0,0.0,0,0,0,0,0.0,0.0,0.0,0.0,0.0,0.0,0.0,0.0,0.0,0.0,0.0,0.0,0.0,0,0,,
190,0xe55b2166ddf6941e16171fd17bccd5e08ab06563,1,1,0,156.9961538,2157.133333,0,14,1,11,0,0,0.0,0.0,0,0,0,0,0,0,15,0,0.0,0,0.0,0,0.0,0.0,0.0,0,0,0,0,0.0,0.0,0.0,0.0,0.0,0.0,0.0,0.0,0.0,0.0,0.0,0.0,0.0,0,0,,
191,0x7b4947e6b6095289fc88ef6a2206a1f6941dd231,1,1,0,25.62222222,1428.333333,0,4,1,3,0,0,0.0,0.0,0,0,0,0,0,0,5,0,0.0,0,0.0,0,0.0,0.0,0.0,0,0,0,0,0.0,0.0,0.0,0.0,0.0,0.0,0.0,0.0,0.0,0.0,0.0,0.0,0.0,0,0,,
192,0x6b0cd34cc2bd2a1630140402cd75c40a6e53539c,1,1,0,625.2333333,5008.2,0,9,1,4,0,0,0.0,0.0,0,0,0,0,0,0,10,0,0.0,0,0.0,0,0.0,0.0,0.0,0,0,0,0,0.0,0.0,0.0,0.0,0.0,0.0,0.0,0.0,0.0,0.0,0.0,0.0,0.0,0,0,,
193,0x509c9929120cca9d0d246329ac0b8233dc4ccc04,1,1,0,0.0,183.8,0,2,1,1,0,0,0.0,0.0,0,0,0,0,0,0,3,0,0.0,0,0.0,0,0.0,0.0,0.0,0,0,0,0,0.0,0.0,0.0,0.0,0.0,0.0,0.0,0.0,0.0,0.0,0.0,0.0,0.0,0,0,,
194,0x5f7593e74433a6c6fc227f9517db8f62f9962c18,1,1,0,457.9866667,2308.483333,0,6,1,6,0,0,0.0,0.0,0,0,0,0,0,0,7,0,0.0,0,0.0,0,0.0,0.0,0.0,0,0,0,0,0.0,0.0,0.0,0.0,0.0,0.0,0.0,0.0,0.0,0.0,0.0,0.0,0.0,0,0,,
195,0x1c0a0403a514edadb46bb5c72df939c7e9661501,1,1,0,126.4041667,530.45,0,5,1,5,0,0,0.0,0.0,0,0,0,0,0,0,6,0,0.0,0,0.0,0,0.0,0.0,0.0,0,0,0,0,0.0,0.0,0.0,0.0,0.0,0.0,0.0,0.0,0.0,0.0,0.0,0.0,0.0,0,0,,
196,0xfc4245a4802574a1df0bcef9c91fc34021a9c9a0,1,1,0,141.7833333,743.15,0,5,1,4,0,0,0.0,0.0,0,0,0,0,0,0,6,0,0.0,0,0.0,0,0.0,0.0,0.0,0,0,0,0,0.0,0.0,0.0,0.0,0.0,0.0,0.0,0.0,0.0,0.0,0.0,0.0,0.0,0,0,,
197,0xffe3a0dab871311ed5a9848883ad3078adb954c5,1,1,0,26.71111111,184.2,0,4,1,2,0,0,0.0,0.0,0,0,0,0,0,0,5,0,0.0,0,0.0,0,0.0,0.0,0.0,0,0,0,0,0.0,0.0,0.0,0.0,0.0,0.0,0.0,0.0,0.0,0.0,0.0,0.0,0.0,0,0,,
198,0x48e60362460f9f7c91bd5667e9c470724342ae32,1,1,0,88.11666667,120.1833333,0,2,1,2,0,0,0.0,0.0,0,0,0,0,0,0,3,0,0.0,0,0.0,0,0.0,0.0,0.0,0,0,0,0,0.0,0.0,0.0,0.0,0.0,0.0,0.0,0.0,0.0,0.0,0.0,0.0,0.0,0,0,,
199,0x4946917e0491e13024820ec17980898792f24ec1,1,1,0,93.54333333,502.3666667,0,6,1,6,0,0,0.0,0.0,0,0,0,0,0,0,7,0,0.0,0,0.0,0,0.0,0.0,0.0,0,0,0,0,0.0,0.0,0.0,0.0,0.0,0.0,0.0,0.0,0.0,0.0,0.0,0.0,0.0,0,0,,
200,0x893bd178b673c97136bf5ad69ae0466de34ec576,1,1,0,66.80555556,370.5,0,4,1,4,0,0,0.0,0.0,0,0,0,0,0,0,5,0,0.0,0,0.0,0,0.0,0.0,0.0,0,0,0,0,0.0,0.0,0.0,0.0,0.0,0.0,0.0,0.0,0.0,0.0,0.0,0.0,0.0,0,0,,
