blockNumber,timeStamp,hash,nonce,blockHash,from,contractAddress,to,value,tokenName,tokenSymbol,tokenDecimal,transactionIndex,gas,gasPrice,gasUsed,cumulativeGasUsed,input,methodId,functionName,confirmations
23419279,1758552695,0x725a490ee5cd49209b08cf5b7e7513656098d1c174acdf006707b2d5589654bd,14,0x9400e0767675976000ae4c2c871c79dcf867ba50c1edc27986aca8d236801e8d,0x8676d208484899f5448ad6e8b19792d21e5dc14f,0xdac17f958d2ee523a2206206994597c13d831ec7,0x6385eb73fae34bf90ed4c3d4c8afbc957ff4121c,2682702451706,Tether USD,USDT,6,279,96057,673862676,89582,25933450,deprecated,0x6a761202,"execTransaction(address to, uint256 value, bytes data, uint8 operation, uint256 safeTxGas, uint256 baseGas, uint256 gasPrice, address gasToken, address refundReceiver, bytes signatures)",112234
23419281,1758552719,0x30c72951bce511d4b189844ef750b69fe07d9b78817167ae3ec28628860c2989,16,0x1649327759462d6b923f96ab3c5106719b5426199fdf110dce552ca40898b353,0x4457d81a97ab6074468da95f4c0c452924267da5,0xdac17f958d2ee523a2206206994597c13d831ec7,0x6385eb73fae34bf90ed4c3d4c8afbc957ff4121c,1308976689077,Tether USD,USDT,6,140,78665,697613448,72395,16971676,deprecated,0x6a761202,"execTransaction(address to, uint256 value, bytes data, uint8 operation, uint256 safeTxGas, uint256 baseGas, uint256 gasPrice, address gasToken, address refundReceiver, bytes signatures)",112232
23419282,1758552731,0x00de60732cb5ca53ad2ac0a2babdc63f94239645309ee097dddb7ed350a1f7e7,17,0x91e4ffc9325c3b4436b68deb925b9aa6d89c5b5bf49cc6d68feba35f68a41af6,0x4457d81a97ab6074468da95f4c0c452924267da5,0x2260fac5e5542a773aa44fbcfedf7c193bc2c599,0x6385eb73fae34bf90ed4c3d4c8afbc957ff4121c,370000000,Wrapped BTC,WBTC,8,296,87042,682051904,80673,31954874,deprecated,0x6a761202,"execTransaction(address to, uint256 value, bytes data, uint8 operation, uint256 safeTxGas, uint256 baseGas, uint256 gasPrice, address gasToken, address refundReceiver, bytes signatures)",112231
23419284,1758552755,0x278bfd667d9d3e55a33f9255457b3cd4522b96294de4fdc8b79583835491e63c,19,0x9ea497fc97eb18c7b0cb29c710ca70c6eed8937e2329a5c971a5f8a7f9038e67,0x561f7ced7e85c597ad712db4d73e796a4f767654,0xdac17f958d2ee523a2206206994597c13d831ec7,0x6385eb73fae34bf90ed4c3d4c8afbc957ff4121c,1449117701000,Tether USD,USDT,6,218,78754,712800947,72482,16531225,deprecated,0x6a761202,"execTransaction(address to, uint256 value, bytes data, uint8 operation, uint256 safeTxGas, uint256 baseGas, uint256 gasPrice, address gasToken, address refundReceiver, bytes signatures)",112229
23419289,1758552815,0xf8dce9dfe0ef189b5fe7ad4cded7ef1e4bfffd6955dc1fcd8f3c2b7259afc650,23,0xe4741eede9000c9e7e62db0b5a9539df510ee31c65253e9cada95cf1a56c2bfe,0x87af16cb1d5009055a419a5b4405df157b8697bc,0xa0b86991c6218b36c1d19d4a2e9eb0ce3606eb48,0x6385eb73fae34bf90ed4c3d4c8afbc957ff4121c,500000000000,USDC,USDC,6,116,103445,769724830,96883,9115563,deprecated,0x6a761202,"execTransaction(address to, uint256 value, bytes data, uint8 operation, uint256 safeTxGas, uint256 baseGas, uint256 gasPrice, address gasToken, address refundReceiver, bytes signatures)",112224
23419290,1758552827,0xc609ec7be6274c513fadfb6a95e009b395fd3c4805e81f4896e7ebd89d38dddd,24,0x833417559932261ecdd80c5e493c1a5490f4acc2b22dcb54c7a0d4ca0900cca3,0x87af16cb1d5009055a419a5b4405df157b8697bc,0xdac17f958d2ee523a2206206994597c13d831ec7,0x6385eb73fae34bf90ed4c3d4c8afbc957ff4121c,123606143413,Tether USD,USDT,6,142,87114,756318168,80744,8380043,deprecated,0x6a761202,"execTransaction(address to, uint256 value, bytes data, uint8 operation, uint256 safeTxGas, uint256 baseGas, uint256 gasPrice, address gasToken, address refundReceiver, bytes signatures)",112223
23419310,1758553067,0x9ceba77f4df2caa45285e7488185af9de0b05757001cc27fb57e1326d7ff5d9d,25333,0x7039e66c49ae6524fb59f5f789088e00b0f28ab6a647d0ae9b79706519351acc,0x6385eb73fae34bf90ed4c3d4c8afbc957ff4121c,0xdac17f958d2ee523a2206206994597c13d831ec7,0x9008d19f58aabd9ed0d60971565aa8510560ab41,5564402985196,Tether USD,USDT,6,4,692336,1916458906,325383,1202510,deprecated,0x13d79a0b,MoooZ1089603480(),112203
23419310,1758553067,0x9ceba77f4df2caa45285e7488185af9de0b05757001cc27fb57e1326d7ff5d9d,25333,0x7039e66c49ae6524fb59f5f789088e00b0f28ab6a647d0ae9b79706519351acc,0x9008d19f58aabd9ed0d60971565aa8510560ab41,0x6b175474e89094c44da98b954eedeac495271d0f,0x6385eb73fae34bf90ed4c3d4c8afbc957ff4121c,5568371561745235935822048,Dai Stablecoin,DAI,18,4,692336,1916458906,325383,1202510,deprecated,0x13d79a0b,MoooZ1089603480(),112203
23419319,1758553175,0x88e5b517d823ffa048d6b1c3f78f74bc64bb27fd45e5aca8f432a3608beb0236,292804,0x9014e8568150d3b07d65b4f721517532fe0a23443709e3fa8e72f92bb1bf7751,0x6385eb73fae34bf90ed4c3d4c8afbc957ff4121c,0xa0b86991c6218b36c1d19d4a2e9eb0ce3606eb48,0x9008d19f58aabd9ed0d60971565aa8510560ab41,500000000000,USDC,USDC,6,51,1547374,936880949,773687,6862794,deprecated,0x13d79a0b,MoooZ1089603480(),112194
23419319,1758553175,0x88e5b517d823ffa048d6b1c3f78f74bc64bb27fd45e5aca8f432a3608beb0236,292804,0x9014e8568150d3b07d65b4f721517532fe0a23443709e3fa8e72f92bb1bf7751,0x9008d19f58aabd9ed0d60971565aa8510560ab41,0x6b175474e89094c44da98b954eedeac495271d0f,0x6385eb73fae34bf90ed4c3d4c8afbc957ff4121c,499998725303000000000000,Dai Stablecoin,DAI,18,51,1547374,936880949,773687,6862794,deprecated,0x13d79a0b,MoooZ1089603480(),112194
23419782,1758558791,0x8a57973cacdfbf26f2f4809af814c676062a22a0f883a5e2330704e8f85e2d67,2,0xfa35b5131695b561c5469792c1649083d2edcd575f4e5621497cf07a667d5148,0x6385eb73fae34bf90ed4c3d4c8afbc957ff4121c,0x6b175474e89094c44da98b954eedeac495271d0f,0xac77b44a5f3acc54e3844a609fffd64f182ef931,6068370287048235935822048,Dai Stablecoin,DAI,18,174,78060,2011157412,47066,21835820,deprecated,0xa9059cbb,"transfer(address _to, uint256 _value)",111731
23419792,1758558911,0x4cba51a36c67f2da285f05dee3a95da34918dd8be45ff6e48a05852c3587fdf0,3,0x09f0b4de7b919305a4bf7b9384048d214c0150432c1cbc4bf57ea953ea4189d8,0x6385eb73fae34bf90ed4c3d4c8afbc957ff4121c,0x2260fac5e5542a773aa44fbcfedf7c193bc2c599,0xac77b44a5f3acc54e3844a609fffd64f182ef931,370000000,Wrapped BTC,WBTC,8,72,81915,1588144435,49611,10637579,deprecated,0xa9059cbb,"transfer(address _to, uint256 _value)",111721
23419793,1758558923,0xa6fc129de0476acb81000f1f7024d5f7d3f15d14beb3ba106b2de3b304b92e0b,66437,0x93a91ab95de0242710c64782a70c561f258b6813875624264171a9d5c386ad07,0x6385eb73fae34bf90ed4c3d4c8afbc957ff4121c,0x6b175474e89094c44da98b954eedeac495271d0f,0xac779de8005ef0ee54d2de51f2f0ca7f447ff931,0,Dai Stablecoin,DAI,18,100,8000000,600008252,515628,18299121,deprecated,0xa9059cbb,"transfer(address _to, uint256 _value)",111720
23419805,1758559067,0xc6d5420daa4f9133362d34367e1942851ab58bb6d3dae7d511fc84c70ac3a345,66440,0x0d65ba6503f1ef819ee81fc652920f08d9cc7b208626e7c654287e5a2f3e4c75,0x6385eb73fae34bf90ed4c3d4c8afbc957ff4121c,0x2260fac5e5542a773aa44fbcfedf7c193bc2c599,0xac779de8005ef0ee54d2de51f2f0ca7f447ff931,0,Wrapped BTC,WBTC,8,213,8000000,594849796,817383,20039000,deprecated,0xa9059cbb,"transfer(address _to, uint256 _value)",111708
23419812,1758559151,0x3f4d18db9e6c8004863d7dbf9a6372c8ab86262594a2b4b23f5862eec2fa66fe,0,0x43735726aeb53fc4869eb636e2e475dddb7a5a96568dc79cf0dae9352c279f62,0xac70154fcd30d060f49fa70b4c2765e280c81931,0x6b175474e89094c44da98b954eedeac495271d0f,0x6385eb73fae34bf90ed4c3d4c8afbc957ff4121c,6068370000000000,Dai Stablecoin,DAI,18,113,104278,538576603,47006,7016251,deprecated,0xa9059cbb,"transfer(address _to, uint256 _value)",111701
23420592,1758568547,0x9d4d8a3c1ae493c6bc4686638dcdee343d67826f85332561febb5b6bec749ae7,466,0x906ebab6bf0a5eec3b18cd3be27530ed530980305542cb7a54c304329677890a,0x6385eb73fae34bf90ed4c3d4c8afbc957ff4121c,0x2260fac5e5542a773aa44fbcfedf7c193bc2c599,0xac77b26b8f0d40c73a94986b214f5ce1db6ef931,0,Wrapped BTC,WBTC,8,178,18946194,259195751,9397348,32541852,deprecated,0xa9059cbb,"transfer(address _to, uint256 _value)",110921
23420607,1758568727,0xc881ab7687b2f242779a4b0728eb001e34bb6140e87c6c15052f275f96886996,66625,0x74dcd576711787c23cd36cf495329e32233cc2faa0d0952271d9e8fc5f854aaf,0x6385eb73fae34bf90ed4c3d4c8afbc957ff4121c,0x2260fac5e5542a773aa44fbcfedf7c193bc2c599,0xac779de8005ef0ee54d2de51f2f0ca7f447ff931,0,Wrapped BTC,WBTC,8,21,8000000,342051706,5104152,9025628,deprecated,0xa9059cbb,"transfer(address _to, uint256 _value)",110906
23420631,1758569015,0xde02298069647eec8408917c5f4e0b57cfa67a53d30c0309c23806e795b29093,25446,0xac5a79f321189283dbcbedd3fe8d3eb091c275b425f986580d9c1e29b1392ef2,0x6385eb73fae34bf90ed4c3d4c8afbc957ff4121c,0x2260fac5e5542a773aa44fbcfedf7c193bc2c599,0xac77b26b8f0d40c73a94986b214f5ce1db6ef931,0,Wrapped BTC,WBTC,8,217,3162238,285398127,1567511,22365791,deprecated,0xa9059cbb,"transfer(address _to, uint256 _value)",110882
23420643,1758569159,0x009e1b81b689906ee82d1132887e826f86a50650485cc990d8ef9ba423300029,66634,0xd7c62af84ed4642c2be618648152e5d1523f69aece852ccaee01fa8187a74ee3,0x6385eb73fae34bf90ed4c3d4c8afbc957ff4121c,0x2260fac5e5542a773aa44fbcfedf7c193bc2c599,0xac779de8005ef0ee54d2de51f2f0ca7f447ff931,0,Wrapped BTC,WBTC,8,343,8000000,269811798,1467016,32284906,deprecated,0xa9059cbb,"transfer(address _to, uint256 _value)",110870
23421273,1758576743,0xbdc7ef6e58b698df11bf5efd2f20d1e6008f5f24666ce08b149fa1881e5fc902,1035,0x156783d8466cc77c389ebff61bd58e7a7755301575ca68664a2f335785e345d2,0x6385eb73fae34bf90ed4c3d4c8afbc957ff4121c,0xff1965a031a0ee88b23cbc8c3a59918daa2aaf50,0xac77b26b8f0d40c73a94986b214f5ce1db6ef931,6068370287048235935822048,DAI,DAI,18,240,7431234,239678912,3685202,21681942,deprecated,0xa9059cbb,"transfer(address _to, uint256 _value)",110240
23421273,1758576743,0xbdc7ef6e58b698df11bf5efd2f20d1e6008f5f24666ce08b149fa1881e5fc902,1035,0x156783d8466cc77c389ebff61bd58e7a7755301575ca68664a2f335785e345d2,0x6385eb73fae34bf90ed4c3d4c8afbc957ff4121c,0x98b0f367b2b04700eae47de1afcb56aef113c8f9,0xac77b26b8f0d40c73a94986b214f5ce1db6ef931,240989554862834130802,ETH,ETH,18,240,7431234,239678912,3685202,21681942,deprecated,0xa9059cbb,"transfer(address _to, uint256 _value)",110240
23421284,1758576875,0xec0806f2490cb760c52e7185e265b77033ae07e35430c2cbd3694c0ee4bd686e,46182,0xc4e105fb032a857b9442697462e06e6e628d24be76ef523019ffa7cda7e68ebd,0x6385eb73fae34bf90ed4c3d4c8afbc957ff4121c,0xd1396f7cd157eea7d096326ddec871c9fe22eda8,0xac77875e2e12452c27dfd7c3ec10085611b8f931,240989554862834130802,EꓔH,EꓔH,18,141,19000000,244061779,3694557,19807600,deprecated,0xa9059cbb,"transfer(address _to, uint256 _value)",110229
23421290,1758576947,0xf7d6f64a9b1923ff40f7820ef5c2bca5d1daed7cf4a77bece5ee9b5804ebc5b3,46183,0x3a8b1c6e8bd7b01788fc87b851b2762bf89e888128aab80fcdcf5b8fe71db4fa,0x6385eb73fae34bf90ed4c3d4c8afbc957ff4121c,0x644a9975f347ce6a0cc31be462cdb3d99a9fc040,0xac77875e2e12452c27dfd7c3ec10085611b8f931,6068370287048235935822048,DAl,DAl,18,219,19000000,229950062,213534,19649076,deprecated,0xa9059cbb,"transfer(address _to, uint256 _value)",110223
23421315,1758577247,0xc96b84fbb11feca9adf56d9d3f9325a7e17ef47a726b5dcd8433fe4088e12161,36445,0x88bafea692baef2e95a57fe540cf5eb18c4c5c65052dee1809a41db31ffb3de7,0x6385eb73fae34bf90ed4c3d4c8afbc957ff4121c,0x00bb46718329804b2c5899a14e370aeb281ce2cf,0xac70e14bd44ceea7d057c3435cb04a548c2ef931,240989554862834130802,ETH,ETH,18,170,6841648,180252492,4524027,20527191,deprecated,0x8aaa8f3b,"transferFrom(address[] from,address[] tokens,address[] accounts,uint256[] amounts)",110198
23421332,1758577451,0xc5fbb883ed73d0874b69db4ff3e488ce79cfa56f91e59605a73ce0e72690ec6e,36461,0x2b3e64f7f425aa5472885ee2baa2fb59038fab2601c3e5693b641e6b7d66fd46,0x6385eb73fae34bf90ed4c3d4c8afbc957ff4121c,0xc973638b54a81a4f04a14142eab122205d9dc853,0xac70e14bd44ceea7d057c3435cb04a548c2ef931,6068370287048235935822048,Dai Stablecoin,DAI,18,201,525583,180078498,346472,21065378,deprecated,0x8aaa8f3b,"transferFrom(address[] from,address[] tokens,address[] accounts,uint256[] amounts)",110181
23425421,1758626759,0x93027212daa184e506dc844f50bc8be333ae49ada19eacb4ba62a1bd5bb69cad,46604,0xc4acc456dd586c9aa2cf6e014bc0cbe05ed0b8eacfcf05ab5aa589f7850edabd,0x6385eb73fae34bf90ed4c3d4c8afbc957ff4121c,0x54e6f2cd4c092700542a98f77a1f929dd47a01c6,0xac77875e2e12452c27dfd7c3ec10085611b8f931,240989554862834130802,EꓔH,EꓔH,18,124,19000000,173473293,6809756,28237554,deprecated,0xa9059cbb,"transfer(address _to, uint256 _value)",106092
23425498,1758627695,0x48ac8ff85d0c0e9a9ac872f50b2518cc6d20fa058ef843bde3a48d6efce2b1ff,39486,0x9a9f9665eeb459be0bd7332a7db737bc1688986557dfde72d78a3daca291d591,0x6385eb73fae34bf90ed4c3d4c8afbc957ff4121c,0xabed50142c5f50bf21b2b7b87ae4989b44a49f13,0xac70e14bd44ceea7d057c3435cb04a548c2ef931,240989554862834122752,ETH,ETH,18,234,839829,166413720,554319,22288739,deprecated,0x8aaa8f3b,"transferFrom(address[] from,address[] tokens,address[] accounts,uint256[] amounts)",106015
23425501,1758627731,0x46e75f07db4d903740dd966258362b2c7e6cd345fed6f4c60d34c87322eef634,46610,0xe5887fc69cb0adb33243b6800562ccb1431a6eb59b624031c75b675fd885027b,0x6385eb73fae34bf90ed4c3d4c8afbc957ff4121c,0xc49451bec078c4be59728675cb67cfc4550d6127,0xac77875e2e12452c27dfd7c3ec10085611b8f931,6068370287048235935822048,DAl,DAl,18,332,19000000,163311785,6808192,25823208,deprecated,0xa9059cbb,"transfer(address _to, uint256 _value)",106012
23425514,1758627887,0xb2c9b24d5d09c9763dbb0ae29ba160a5f942ac972176dcfa002cde485bb07c1c,39499,0xbab239df119f3f53a369949f7e013cd502b9f731ac11b9dd08fdaad96d33f8a1,0x6385eb73fae34bf90ed4c3d4c8afbc957ff4121c,0x6839e98652165ade057dafe509c1777c584dd2dc,0xac70e14bd44ceea7d057c3435cb04a548c2ef931,6068370287048235409211392,Dai Stablecoin,DAI,18,186,5202303,177056641,3439735,23350617,deprecated,0x8aaa8f3b,"transferFrom(address[] from,address[] tokens,address[] accounts,uint256[] amounts)",105999
23452381,1758952391,0x0875a366fd59aeaa51d3d3aa4f8e42aee7696d4b968ece8c5d7df48929208e81,1018,0xc60fcb49eb47b54d8f1ffdfa8c1ec11746b442f587ae0eb036eff20c8da4df27,0x6385eb73fae34bf90ed4c3d4c8afbc957ff4121c,0x54e6f2cd4c092700542a98f77a1f929dd47a01c6,0xac77875e2e12452c27dfd7c3ec10085611b8f931,240989554862834130802,EꓔH,EꓔH,18,106,19000000,204703133,6809660,16256633,deprecated,0xa9059cbb,"transfer(address _to, uint256 _value)",79132
23452401,1758952643,0x7fea57cb5a72ba20dde5b31ab2303464056aa0929def109fc62cd2975848e24d,1026,0x166b558a2e4178da100c464ae567d81d82d4e3f1f08c7991a23c9e81f6f18d15,0x6385eb73fae34bf90ed4c3d4c8afbc957ff4121c,0xc49451bec078c4be59728675cb67cfc4550d6127,0xac77875e2e12452c27dfd7c3ec10085611b8f931,6068370287048235935822048,DAl,DAl,18,112,19000000,164605503,6812448,20362140,deprecated,0xa9059cbb,"transfer(address _to, uint256 _value)",79112
23456805,1759005827,0xc433e0ac8bfe7bf480235492f118dfc88a252b5d43840c522934b60da3d30a61,68796,0x1c3a5fd0b2268e71b58b40c542f97b454fb7bceb4e68120dfc06ce6252825c7c,0x6385eb73fae34bf90ed4c3d4c8afbc957ff4121c,0x2b48e6bbe57f9b9c45f5c934a5f80f38abc6dce6,0xac7736990a85fb4a6da0535221414284c9b7f931,240989554,Ethereum,ETH,6,35,7266501,326359511,7211250,9459194,deprecated,0xa9059cbb,"transfer(address _to, uint256 _value)",74708
23456812,1759005911,0xf59d9bd2df05f94dc4b4abe416e95bf554e80c1e4460db1a8c4d023b3a7835ef,68803,0x2732edcfe20cbacaf5791bb50ab5cc88e8309b61d76306fa534ea7d537a7e692,0x6385eb73fae34bf90ed4c3d4c8afbc957ff4121c,0x2b48e6bbe57f9b9c45f5c934a5f80f38abc6dce6,0xac7736990a85fb4a6da0535221414284c9b7f931,240989554,Ethereum,ETH,6,20,7270067,330524829,7214790,12520703,deprecated,0xa9059cbb,"transfer(address _to, uint256 _value)",74701
23456841,1759006259,0xf5edd20f97b5e9fdb6814b0a9acedb6026328fef54fa3eea3894e350f6a140b2,48516,0x424e82637b1b1d3fea372bf5bf73ea79422b6318533af514da959b321405856e,0x6385eb73fae34bf90ed4c3d4c8afbc957ff4121c,0x54e6f2cd4c092700542a98f77a1f929dd47a01c6,0xac77875e2e12452c27dfd7c3ec10085611b8f931,240989554862834130802,EꓔH,EꓔH,18,142,19000000,449615226,6820016,24748221,deprecated,0xa9059cbb,"transfer(address _to, uint256 _value)",74672
