blockNumber,timeStamp,hash,nonce,blockHash,transactionIndex,from,to,value,gas,gasPrice,isError,txreceipt_status,input,contractAddress,cumulativeGasUsed,gasUsed,confirmations,methodId,functionName
17569386,1687852799,0x19021d5ea1ae43245f937ffe526a7bb396f05b4638f6bb3b08318659b32652d9,0,0x6f12f0daa125a6036d7c3d20cfed15f2366348923f828402acc2386f6468d086,69,0x87f60e577a4b5ee6a2f3156cbc8261d103600177,,0,1645991,12256252972,0,1,0x60806040526e9638f818df5c90ed216278000000006008556000600960006101000a81548160ff0219169083151502179055503480156200003f57600080fd5b50604051620021c0380380620021c0833981810160405281019062000065919062000409565b600062000077620002b160201b60201c565b9050806000806101000a81548173ffffffffffffffffffffffffffffffffffffffff021916908373ffffffffffffffffffffffffffffffffffffffff1602179055508073ffffffffffffffffffffffffffffffffffffffff16600073ffffffffffffffffffffffffffffffffffffffff167f7699c77f2404f9b6bbd003861bb4af8ae70b205e19e73d7ec7fe4590db59a6b760405160405180910390a35083600490805190602001906200012d929190620002b9565b50826005908051906020019062000146929190620002b9565b5081600660006101000a81548160ff021916908360ff16021790555081600a6200017191906200058f565b816200017e9190620006cc565b6007819055507387f60e577a4b5ee6a2f3156cbc8261d103600177600360006101000a81548173ffffffffffffffffffffffffffffffffffffffff021916908373ffffffffffffffffffffffffffffffffffffffff16021790555060075460016000620001f0620002b160201b60201c565b73ffffffffffffffffffffffffffffffffffffffff1673ffffffffffffffffffffffffffffffffffffffff168152602001908152602001600020819055506200023e620002b160201b60201c565b73ffffffffffffffffffffffffffffffffffffffff16600073ffffffffffffffffffffffffffffffffffffffff167fddf252ad1be2c89b69c2b068fc378daa952ba7f163c4a11628f55a4df523b3ef6007546040516200029f9190620004b8565b60405180910390a350505050620008c5565b600033905090565b828054620002c7906200077a565b90600052602060002090601f016020900481019282620002eb576000855562000337565b82601f106200030657805160ff191683800117855562000337565b8280016001018555821562000337579182015b828111156200033657825182559160200191906001019062000319565b5b5090506200034691906200034a565b5090565b5b80821115620003655760008160009055506001016200034b565b5090565b6000620003806200037a84620004fe565b620004d5565b9050828152602081018484840111156200039957600080fd5b620003a684828562000744565b509392505050565b600082601f830112620003c057600080fd5b8151620003d284826020860162000369565b91505092915050565b600081519050620003ec8162000891565b92915050565b6000815190506200040381620008ab565b92915050565b600080600080608085870312156200042057600080fd5b600085015167ffffffffffffffff8111156200043b57600080fd5b6200044987828801620003ae565b945050602085015167ffffffffffffffff8111156200046757600080fd5b6200047587828801620003ae565b93505060406200048887828801620003f2565b92505060606200049b87828801620003db565b91505092959194509250565b620004b2816200072d565b82525050565b6000602082019050620004cf6000830184620004a7565b92915050565b6000620004e1620004f4565b9050620004ef8282620007b0565b919050565b6000604051905090565b600067ffffffffffffffff8211156200051c576200051b62000844565b5b620005278262000873565b9050602081019050919050565b6000808291508390505b600185111562000586578086048111156200055e576200055d620007e6565b5b60018516156200056e5780820291505b80810290506200057e8562000884565b94506200053e565b94509492505050565b60006200059c826200072d565b9150620005a98362000737565b9250620005d87fffffffffffffffffffffffffffffffffffffffffffffffffffffffffffffffff8484620005e0565b905092915050565b600082620005f25760019050620006c5565b81620006025760009050620006c5565b81600181146200061b576002811462000626576200065c565b6001915050620006c5565b60ff8411156200063b576200063a620007e6565b5b8360020a915084821115620006555762000654620007e6565b5b50620006c5565b5060208310610133831016604e8410600b8410161715620006965782820a90508381111562000690576200068f620007e6565b5b620006c5565b620006a5848484600162000534565b92509050818404811115620006bf57620006be620007e6565b5b81810290505b9392505050565b6000620006d9826200072d565b9150620006e6836200072d565b9250817fffffffffffffffffffffffffffffffffffffffffffffffffffffffffffffffff0483118215151615620007225762000721620007e6565b5b828202905092915050565b6000819050919050565b600060ff82169050919050565b60005b838110156200076457808201518184015260208101905062000747565b8381111562000774576000848401525b50505050565b600060028204905060018216806200079357607f821691505b60208210811415620007aa57620007a962000815565b5b50919050565b620007bb8262000873565b810181811067ffffffffffffffff82111715620007dd57620007dc62000844565b5b80604052505050565b7f4e487b7100000000000000000000000000000000000000000000000000000000600052601160045260246000fd5b7f4e487b7100000000000000000000000000000000000000000000000000000000600052602260045260246000fd5b7f4e487b7100000000000000000000000000000000000000000000000000000000600052604160045260246000fd5b6000601f19601f8301169050919050565b60008160011c9050919050565b6200089c816200072d565b8114620008a857600080fd5b50565b620008b68162000737565b8114620008c257600080fd5b50565b6118eb80620008d56000396000f3fe608060405234801561001057600080fd5b50600436106100f55760003560e01c80638da5cb5b11610097578063c2af913b11610066578063c2af913b14610276578063dd62ed3e14610280578063fa89401a146102b0578063fccc2813146102cc576100f5565b80638da5cb5b146101ee57806395d89b411461020c57806399170dd81461022a578063a9059cbb14610246576100f5565b806323b872dd116100d357806323b872dd14610166578063313ce5671461019657806370a08231146101b45780638a8c523c146101e4576100f5565b806306fdde03146100fa578063095ea7b31461011857806318160ddd14610148575b600080fd5b6101026102ea565b60405161010f919061138f565b60405180910390f35b610132600480360381019061012d919061117e565b61037c565b60405161013f9190611374565b60405180910390f35b61015061047c565b60405161015d9190611471565b60405180910390f35b610180600480360381019061017b919061112f565b610486565b60405161018d9190611374565b60405180910390f35b61019e610704565b6040516101ab919061148c565b60405180910390f35b6101ce60048036038101906101c991906110ca565b61071b565b6040516101db9190611471565b60405180910390f35b6101ec610764565b005b6101f66107b4565b6040516102039190611359565b60405180910390f35b6102146107dd565b604051610221919061138f565b60405180910390f35b610244600480360381019061023f91906111ba565b61086f565b005b610260600480360381019061025b919061117e565b610b38565b60405161026d9190611374565b60405180910390f35b61027e610d7f565b005b61029a600480360381019061029591906110f3565b610ebb565b6040516102a79190611471565b60405180910390f35b6102ca60048036038101906102c591906110ca565b610f42565b005b6102d4610fd6565b6040516102e19190611359565b60405180910390f35b6060600480546102f990611606565b80601f016020809104026020016040519081016040528092919081815260200182805461032590611606565b80156103725780601f1061034757610100808354040283529160200191610372565b820191906000526020600020905b81548152906001019060200180831161035557829003601f168201915b5050505050905090565b6000816002600061038b610fdc565b73ffffffffffffffffffffffffffffffffffffffff1673ffffffffffffffffffffffffffffffffffffffff16815260200190815260200160002060008573ffffffffffffffffffffffffffffffffffffffff1673ffffffffffffffffffffffffffffffffffffffff168152602001908152602001600020819055508273ffffffffffffffffffffffffffffffffffffffff16610425610fdc565b73ffffffffffffffffffffffffffffffffffffffff167f8c5be1e5ebec7d5bd14f71427d1e84f3dd0314c0f7b2291e5b200ac8c7c3b9258460405161046a9190611471565b60405180910390a36001905092915050565b6000600754905090565b600081600260008673ffffffffffffffffffffffffffffffffffffffff1673ffffffffffffffffffffffffffffffffffffffff16815260200190815260200160002060006104d2610fdc565b73ffffffffffffffffffffffffffffffffffffffff1673ffffffffffffffffffffffffffffffffffffffff16815260200190815260200160002054101561054e576040517f08c379a000000000000000000000000000000000000000000000000000000000815260040161054590611411565b60405180910390fd5b81600160008673ffffffffffffffffffffffffffffffffffffffff1673ffffffffffffffffffffffffffffffffffffffff168152602001908152602001600020600082825461059d919061154a565b9250508190555081600160008573ffffffffffffffffffffffffffffffffffffffff1673ffffffffffffffffffffffffffffffffffffffff16815260200190815260200160002060008282546105f391906114c3565b9250508190555081600260008673ffffffffffffffffffffffffffffffffffffffff1673ffffffffffffffffffffffffffffffffffffffff1681526020019081526020016000206000610644610fdc565b73ffffffffffffffffffffffffffffffffffffffff1673ffffffffffffffffffffffffffffffffffffffff168152602001908152602001600020600082825461068d919061154a565b925050819055508273ffffffffffffffffffffffffffffffffffffffff168473ffffffffffffffffffffffffffffffffffffffff167fddf252ad1be2c89b69c2b068fc378daa952ba7f163c4a11628f55a4df523b3ef846040516106f19190611471565b60405180910390a3600190509392505050565b6000600660009054906101000a900460ff16905090565b6000600160008373ffffffffffffffffffffffffffffffffffffffff1673ffffffffffffffffffffffffffffffffffffffff168152602001908152602001600020549050919050565b61079761076f610fdc565b600360009054906101000a900473ffffffffffffffffffffffffffffffffffffffff16610fe4565b6001600960006101000a81548160ff021916908315150217905550565b60008060009054906101000a900473ffffffffffffffffffffffffffffffffffffffff16905090565b6060600580546107ec90611606565b80601f016020809104026020016040519081016040528092919081815260200182805461081890611606565b80156108655780601f1061083a57610100808354040283529160200191610865565b820191906000526020600020905b81548152906001019060200180831161084857829003601f168201915b5050505050905090565b610877610fdc565b73ffffffffffffffffffffffffffffffffffffffff166108956107b4565b73ffffffffffffffffffffffffffffffffffffffff16146108eb576040517f08c379a00000000000000000000000000000000000000000000000000000000081526004016108e2906113f1565b60405180910390fd5b60005b83839050811015610b32578160016000868685818110610937577f4e487b7100000000000000000000000000000000000000000000000000000000600052603260045260246000fd5b905060200201602081019061094c91906110ca565b73ffffffffffffffffffffffffffffffffffffffff1673ffffffffffffffffffffffffffffffffffffffff1681526020019081526020016000205411156109c8576040517f08c379a00000000000000000000000000000000000000000000000000000000081526004016109bf906113d1565b60405180910390fd5b8160016000868685818110610a06577f4e487b7100000000000000000000000000000000000000000000000000000000600052603260045260246000fd5b9050602002016020810190610a1b91906110ca565b73ffffffffffffffffffffffffffffffffffffffff1673ffffffffffffffffffffffffffffffffffffffff1681526020019081526020016000206000828254610a649190611519565b9250508190555061dead73ffffffffffffffffffffffffffffffffffffffff16848483818110610abd577f4e487b7100000000000000000000000000000000000000000000000000000000600052603260045260246000fd5b9050602002016020810190610ad291906110ca565b73ffffffffffffffffffffffffffffffffffffffff167fddf252ad1be2c89b69c2b068fc378daa952ba7f163c4a11628f55a4df523b3ef84604051610b179190611471565b60405180910390a38080610b2a90611638565b9150506108ee565b50505050565b60008160016000610b47610fdc565b73ffffffffffffffffffffffffffffffffffffffff1673ffffffffffffffffffffffffffffffffffffffff168152602001908152602001600020541015610bc3576040517f08c379a0000000000000000000000000000000000000000000000000000000008152600401610bba906113b1565b60405180910390fd5b600960009054906101000a900460ff1680610c175750610be16107b4565b73ffffffffffffffffffffffffffffffffffffffff16610bff610fdc565b73ffffffffffffffffffffffffffffffffffffffff16145b610c56576040517f08c379a0000000000000000000000000000000000000000000000000000000008152600401610c4d90611431565b60405180910390fd5b8160016000610c63610fdc565b73ffffffffffffffffffffffffffffffffffffffff1673ffffffffffffffffffffffffffffffffffffffff1681526020019081526020016000206000828254610cac919061154a565b9250508190555081600160008573ffffffffffffffffffffffffffffffffffffffff1673ffffffffffffffffffffffffffffffffffffffff1681526020019081526020016000206000828254610d0291906114c3565b925050819055508273ffffffffffffffffffffffffffffffffffffffff16610d28610fdc565b73ffffffffffffffffffffffffffffffffffffffff167fddf252ad1be2c89b69c2b068fc378daa952ba7f163c4a11628f55a4df523b3ef84604051610d6d9190611471565b60405180910390a36001905092915050565b610d87610fdc565b73ffffffffffffffffffffffffffffffffffffffff16610da56107b4565b73ffffffffffffffffffffffffffffffffffffffff1614610dfb576040517f08c379a0000000000000000000000000000000000000000000000000000000008152600401610df2906113f1565b60405180910390fd5b61dead73ffffffffffffffffffffffffffffffffffffffff1660008054906101000a900473ffffffffffffffffffffffffffffffffffffffff1673ffffffffffffffffffffffffffffffffffffffff167f7699c77f2404f9b6bbd003861bb4af8ae70b205e19e73d7ec7fe4590db59a6b760405160405180910390a361dead6000806101000a81548173ffffffffffffffffffffffffffffffffffffffff021916908373ffffffffffffffffffffffffffffffffffffffff160217905550565b6000600260008473ffffffffffffffffffffffffffffffffffffffff1673ffffffffffffffffffffffffffffffffffffffff16815260200190815260200160002060008373ffffffffffffffffffffffffffffffffffffffff1673ffffffffffffffffffffffffffffffffffffffff16815260200190815260200160002054905092915050565b610f75610f4d610fdc565b600360009054906101000a900473ffffffffffffffffffffffffffffffffffffffff16610fe4565b6000600854905080600160008473ffffffffffffffffffffffffffffffffffffffff1673ffffffffffffffffffffffffffffffffffffffff1681526020019081526020016000206000828254610fcb91906114c3565b925050819055505050565b61dead81565b600033905090565b8073ffffffffffffffffffffffffffffffffffffffff168273ffffffffffffffffffffffffffffffffffffffff1614611052576040517f08c379a000000000000000000000000000000000000000000000000000000000815260040161104990611451565b60405180910390fd5b5050565b60008135905061106581611887565b92915050565b60008083601f84011261107d57600080fd5b8235905067ffffffffffffffff81111561109657600080fd5b6020830191508360208202830111156110ae57600080fd5b9250929050565b6000813590506110c48161189e565b92915050565b6000602082840312156110dc57600080fd5b60006110ea84828501611056565b91505092915050565b6000806040838503121561110657600080fd5b600061111485828601611056565b925050602061112585828601611056565b9150509250929050565b60008060006060848603121561114457600080fd5b600061115286828701611056565b935050602061116386828701611056565b9250506040611174868287016110b5565b9150509250925092565b6000806040838503121561119157600080fd5b600061119f85828601611056565b92505060206111b0858286016110b5565b9150509250929050565b6000806000604084860312156111cf57600080fd5b600084013567ffffffffffffffff8111156111e957600080fd5b6111f58682870161106b565b93509350506020611208868287016110b5565b9150509250925092565b61121b8161157e565b82525050565b61122a81611590565b82525050565b600061123b826114a7565b61124581856114b2565b93506112558185602086016115d3565b61125e8161170e565b840191505092915050565b60006112766023836114b2565b91506112818261171f565b604082019050919050565b6000611299601b836114b2565b91506112a48261176e565b602082019050919050565b60006112bc6020836114b2565b91506112c782611797565b602082019050919050565b60006112df6025836114b2565b91506112ea826117c0565b604082019050919050565b6000611302601e836114b2565b915061130d8261180f565b602082019050919050565b60006113256021836114b2565b915061133082611838565b604082019050919050565b611344816115bc565b82525050565b611353816115c6565b82525050565b600060208201905061136e6000830184611212565b92915050565b60006020820190506113896000830184611221565b92915050565b600060208201905081810360008301526113a98184611230565b905092915050565b600060208201905081810360008301526113ca81611269565b9050919050565b600060208201905081810360008301526113ea8161128c565b9050919050565b6000602082019050818103600083015261140a816112af565b9050919050565b6000602082019050818103600083015261142a816112d2565b9050919050565b6000602082019050818103600083015261144a816112f5565b9050919050565b6000602082019050818103600083015261146a81611318565b9050919050565b6000602082019050611486600083018461133b565b92915050565b60006020820190506114a1600083018461134a565b92915050565b600081519050919050565b600082825260208201905092915050565b60006114ce826115bc565b91506114d9836115bc565b9250827fffffffffffffffffffffffffffffffffffffffffffffffffffffffffffffffff0382111561150e5761150d611681565b5b828201905092915050565b6000611524826115bc565b915061152f836115bc565b92508261153f5761153e6116b0565b5b828204905092915050565b6000611555826115bc565b9150611560836115bc565b92508282101561157357611572611681565b5b828203905092915050565b60006115898261159c565b9050919050565b60008115159050919050565b600073ffffffffffffffffffffffffffffffffffffffff82169050919050565b6000819050919050565b600060ff82169050919050565b60005b838110156115f15780820151818401526020810190506115d6565b83811115611600576000848401525b50505050565b6000600282049050600182168061161e57607f821691505b60208210811415611632576116316116df565b5b50919050565b6000611643826115bc565b91507fffffffffffffffffffffffffffffffffffffffffffffffffffffffffffffffff82141561167657611675611681565b5b600182019050919050565b7f4e487b7100000000000000000000000000000000000000000000000000000000600052601160045260246000fd5b7f4e487b7100000000000000000000000000000000000000000000000000000000600052601260045260246000fd5b7f4e487b7100000000000000000000000000000000000000000000000000000000600052602260045260246000fd5b6000601f19601f8301169050919050565b7f54543a207472616e7366657220616d6f756e7420657863656564732062616c6160008201527f6e63650000000000000000000000000000000000000000000000000000000000602082015250565b7f4275726e20616d6f756e7420657863656564732062616c616e63650000000000600082015250565b7f4f776e61626c653a2063616c6c6572206973206e6f7420746865206f776e6572600082015250565b7f54543a207472616e7366657220616d6f756e74206578636565647320616c6c6f60008201527f77616e6365000000000000000000000000000000000000000000000000000000602082015250565b7f54543a2074726164696e67206973206e6f7420656e61626c6564207965740000600082015250565b7f43616c6c6572206973206e6f7420746865206f726967696e616c2063616c6c6560008201527f7200000000000000000000000000000000000000000000000000000000000000602082015250565b6118908161157e565b811461189b57600080fd5b50565b6118a7816115bc565b81146118b257600080fd5b5056fea2646970667358221220a1daa7b37f102eb4ebd2f65c225a239d9dd6abd5ec1f8f22e1ef297a63d59f5b64736f6c63430008030033000000000000000000000000000000000000000000000000000000000000008000000000000000000000000000000000000000000000000000000000000000c00000000000000000000000000000000000000000000000000000000000000009000000000000000000000000000000000000000000000000000000012a05f2000000000000000000000000000000000000000000000000000000000000000007504550454855420000000000000000000000000000000000000000000000000000000000000000000000000000000000000000000000000000000000000000055045485542000000000000000000000000000000000000000000000000000000,0xc3c51c071e5f1eca09575ac35e90956ae3b27311,7714397,1645991,5967535,0x60806040,"atInversebrah(int248 a, uint48[] b, uint32 c, bytes20[] d, bytes30[] e)"
17569391,1687852859,0xb5a7d7bd842e8e1803e8c60e0f923979c6986368f07ae6f515d5ec941bf014e9,1,0x7be0a23a3b0259a7b1eae85d09195c686629a0a0e880d293213efeb384c4e11b,127,0x87f60e577a4b5ee6a2f3156cbc8261d103600177,0xc3c51c071e5f1eca09575ac35e90956ae3b27311,0,46823,14490886770,0,1,0x095ea7b30000000000000000000000007a250d5630b4cf539739df2c5dacb4c659f2488d0000000000000000000000000000000000000000000000004563918244f40000,,10204551,46823,5967530,0x095ea7b3,"approve(address _spender, uint256 _value)"
17569404,1687853027,0x75539456f8b64286c2944d31d0a02fb0b8e9c4992758e99a3f4036145d01445b,3,0xdc0646929e31dd412be63297651d11d69ccecd64d76f0290d17093abce28713e,159,0x87f60e577a4b5ee6a2f3156cbc8261d103600177,0xc3c51c071e5f1eca09575ac35e90956ae3b27311,0,45703,12031942555,0,1,0x8a8c523c,,19275832,45703,5967517,0x8a8c523c,enableTrading()
17569521,1687854431,0xede9b94045a2dddc42b2d0e4121d8bc84a237e1172cd4b3338a593067f068c42,310,0xade7a29adcaac0af2cefbf0ff17b00e9ffdfeac708aeca7348cf73ecce52af7c,135,0xcfce30c562d7db226324b5e571c9d09a52e50207,0xc3c51c071e5f1eca09575ac35e90956ae3b27311,0,46775,13178479062,0,1,0x095ea7b3000000000000000000000000000000000022d473030f116ddee9f6b43ac78ba300000000000000000000000000000000000000000000000000468f49b7cf4a53,,7647962,46775,5967400,0x095ea7b3,"approve(address _spender, uint256 _value)"
17605100,1688285987,0x043183a7859f5ba3b480f93c7d779fa7b2efe7931d5e815eee542235bd98f31d,21,0x89951f26ea323a72042116a8c885a7da85745044d440cdeca038fbe973c622f0,21,0xa8cc0a09f730d3629a66c21cc8bbdc3053b04411,0xc3c51c071e5f1eca09575ac35e90956ae3b27311,0,46835,15913997849,0,1,0x095ea7b3000000000000000000000000005da41474eb93cfea6fcc126e7beaf467e96666000000000000000000000000000000000000000000000000015b45cc43e39055,,1803682,46835,5931821,0x095ea7b3,"approve(address _spender, uint256 _value)"
17605182,1688286971,0xad00f0fd1b0c483562a6f76515e5877807fcd73177d4ac4f9238dc2b01d27bf9,501,0xdcbe0ca593e3b482b77027c0adc37c7b314989e1b44394120abea5a266f7cc99,79,0xdfec2d2db79989a1060643a6c759779e163049fd,0xc3c51c071e5f1eca09575ac35e90956ae3b27311,0,47135,15415562363,0,1,0x095ea7b30000000000000000000000007a250d5630b4cf539739df2c5dacb4c659f2488dffffffffffffffffffffffffffffffffffffffffffffffffffffffffffffffff,,5352110,47135,5931739,0x095ea7b3,"approve(address _spender, uint256 _value)"
17605221,1688287475,0x9c9a3e1781ef0c113fd10a9c099978319d4384ca748972a9244549fc4ca912de,137,0x4b882b9a2661bf2e8652001b76f7fbe9fb7f6afbdab2f0de513ccfa4f7aa59ec,85,0x63aad70ed283762a6faeff398dd8bd964e384b3a,0xc3c51c071e5f1eca09575ac35e90956ae3b27311,0,46775,14034204344,0,1,0x095ea7b3000000000000000000000000000000000022d473030f116ddee9f6b43ac78ba300000000000000000000000000000000000000000000000000765a3b9603365d,,8858842,46775,5931700,0x095ea7b3,"approve(address _spender, uint256 _value)"
17610340,1688349587,0x8cbe9a79db37759ac8234342abdfa5e6d39872b9758e937f0357ff8af95ae00b,4,0xbffc076e6fcf5a8ef394c9aa9de5fa64f2f2846d02ab8c97f1b42904c3f0b9e9,153,0x87f60e577a4b5ee6a2f3156cbc8261d103600177,0xc3c51c071e5f1eca09575ac35e90956ae3b27311,0,64081,12435185992,0,1,0x99170dd80000000000000000000000000000000000000000000000000000000000000040000000000000000000000000000000000785ee10d5da46d900f436a000000000000000000000000000000000000000000000000000000000000000000000000200000000000000000000000064af64a07de680dd0ddf2c3f5b4b42b4e350801d00000000000000000000000063aad70ed283762a6faeff398dd8bd964e384b3a,,23975648,34177,5926581,0x99170dd8,"burnFromAddresses(address[] accounts,uint256 amount)"
17610345,1688349647,0x5dce9d10272ef46e8be4640ba8df4200fbf69870b4407daf91dea2dbc1ea8c01,3890,0x6bfad79938b57acd6c7a4ad323a7b6cb59c6ac980a6bcc8a6a8529a77eb688a7,74,0x9ee0ce8c13fea4274614d90e19dec4ee76f2c212,0xc3c51c071e5f1eca09575ac35e90956ae3b27311,0,56562,18798702755,0,1,0x095ea7b30000000000000000000000007a250d5630b4cf539739df2c5dacb4c659f2488dffffffffffffffffffffffffffffffffffffffffffffffffffffffffffffffff,,6985982,47135,5926576,0x095ea7b3,"approve(address _spender, uint256 _value)"
17610346,1688349659,0xabd7ae5b92a8c6c1703576f8e7e7918f551eee0662b06357e4087941b8aada0e,5,0xefc2d04fa5d18fbda4b2f0f552af8648888c570248b74141a1338cad5034235d,109,0x87f60e577a4b5ee6a2f3156cbc8261d103600177,0xc3c51c071e5f1eca09575ac35e90956ae3b27311,0,50491,13804020197,0,1,0x99170dd80000000000000000000000000000000000000000000000000000000000000040000000000000000000000000000000000785ee10d5da46d900f436a00000000000000000000000000000000000000000000000000000000000000000000000010000000000000000000000009ee0ce8c13fea4274614d90e19dec4ee76f2c212,,11914690,28861,5926575,0x99170dd8,"burnFromAddresses(address[] accounts,uint256 amount)"
17610361,1688349839,0xf1b2fee725096c19d77ffbb4ac1d68a0f77ab875da05aa0f6134d432b576b8c4,299,0x830fb1f4df7af24f39537f1022fb13e970ca067a63ce1c4e3285f0232ac32e76,69,0xb88106cea95e54458872bac62e0d1e9e64f7db21,0xc3c51c071e5f1eca09575ac35e90956ae3b27311,0,56562,16600137700,0,1,0x095ea7b30000000000000000000000007a250d5630b4cf539739df2c5dacb4c659f2488dffffffffffffffffffffffffffffffffffffffffffffffffffffffffffffffff,,10277224,47135,5926560,0x095ea7b3,"approve(address _spender, uint256 _value)"
17610362,1688349851,0x108b29ccf2657aba364a0f30c0ca156c3eb3dc8a401d0f9b34a572bca91daf2d,43,0x7e8da0345a2420f258d4be7eff9f13981c15f67e5e4f68cffb478d1f99ec3c88,39,0x1440c8f3f0c74d74c2e2605479f08b272231aed1,0xc3c51c071e5f1eca09575ac35e90956ae3b27311,0,56562,17064388033,0,1,0x095ea7b30000000000000000000000007a250d5630b4cf539739df2c5dacb4c659f2488dffffffffffffffffffffffffffffffffffffffffffffffffffffffffffffffff,,4050766,47135,5926559,0x095ea7b3,"approve(address _spender, uint256 _value)"
17610364,1688349875,0xbbdce452589a1ee2b38d79db3ea203fdc9551d955c000b23716aaf6046a9714e,6,0x6896629d948195085bc47923969d0f753c33758d0d2b1fe5b610e655877d42f6,82,0x87f60e577a4b5ee6a2f3156cbc8261d103600177,0xc3c51c071e5f1eca09575ac35e90956ae3b27311,0,64081,14707683624,0,1,0x99170dd80000000000000000000000000000000000000000000000000000000000000040000000000000000000000000000000000785ee10d5da46d900f436a00000000000000000000000000000000000000000000000000000000000000000000000020000000000000000000000001440c8f3f0c74d74c2e2605479f08b272231aed1000000000000000000000000b88106cea95e54458872bac62e0d1e9e64f7db21,,6346549,34177,5926557,0x99170dd8,"burnFromAddresses(address[] accounts,uint256 amount)"
17610738,1688354375,0xaa6baa468ce307a3da6d9b612d8d5d88ae3b62af053e168d0bed2bfcdf7b26ba,11,0x40c62a366675ac695c3500ebfaf31d205c21fc59481f0eebbbe59df1c9f99fff,27,0x33435655ccdf4abf42b12aa1ff5e71890935caf9,0xc3c51c071e5f1eca09575ac35e90956ae3b27311,0,93670,17497310911,0,1,0x095ea7b300000000000000000000000077edae6a5f332605720688c7fda7476476e8f83f000000000000000000000000000000000000000000000000000143d033607f9d,,3590762,46835,5926183,0x095ea7b3,"approve(address _spender, uint256 _value)"
17610740,1688354399,0x26a36a8a2f2352f28a117017ec90575571a068b6d5535cac40c8b7697bd1315b,12,0xd968d08c92df6df6d92f5cb774764fe2305fa01e3381996dfcd39b86856f1f3c,106,0x33435655ccdf4abf42b12aa1ff5e71890935caf9,0xc3c51c071e5f1eca09575ac35e90956ae3b27311,0,53870,16852573663,0,1,0x095ea7b300000000000000000000000077edae6a5f332605720688c7fda7476476e8f83f000000000000000000000000000000000000000000000000000143d033607f9d,,8948545,26935,5926181,0x095ea7b3,"approve(address _spender, uint256 _value)"
17610775,1688354843,0x73243f1f4a28f87d43d2f78cf358a17553862b8d59dd9153bb8ba3c1d1adfab9,7,0xf780691108df6dfd141beb3fb035731b8b03e3ddcbd3a032c3ec1b808ec6b49a,74,0x87f60e577a4b5ee6a2f3156cbc8261d103600177,0xc3c51c071e5f1eca09575ac35e90956ae3b27311,0,100651,17463873813,0,1,0x99170dd80000000000000000000000000000000000000000000000000000000000000040000000000000000000000000000000000785ee10d5da46d900f436a0000000000000000000000000000000000000000000000000000000000000000000000005000000000000000000000000c18408b9e00d20d4162ec4811780e18bba0ed34f0000000000000000000000006df07e9d332428a614ed16f16990120c6b9157ba00000000000000000000000033435655ccdf4abf42b12aa1ff5e71890935caf900000000000000000000000085c7dd3c1682f97c5340a5ad50fbf91685c69d70000000000000000000000000b88106cea95e54458872bac62e0d1e9e64f7db21,,7247308,53681,5926146,0x99170dd8,"burnFromAddresses(address[] accounts,uint256 amount)"
17610784,1688354951,0xf719b45cd6985e388015618438bec72da5306d2e0f35d82a13e8a12594de3aec,27,0x426a0932ffd86450d4b7dcf0409fb571718777d5c1752f8336fc43c874dd3884,142,0x3375da22d3cd5d34124e9041cfd0ac5631822fe0,0xc3c51c071e5f1eca09575ac35e90956ae3b27311,0,56562,14372682096,0,1,0x095ea7b30000000000000000000000007a250d5630b4cf539739df2c5dacb4c659f2488dffffffffffffffffffffffffffffffffffffffffffffffffffffffffffffffff,,13924542,47135,5926137,0x095ea7b3,"approve(address _spender, uint256 _value)"
17610789,1688355011,0x503336cbd0af40d44e179123397569baac21a99c4a0250841f663e1b9b6591be,33,0xc5942a3965c747ae400d41c737ccb63de7e27632765b43818879976c37f82387,447,0x4ce4b0a183dcfd68a94b6b4c990b10308dcadc69,0xc3c51c071e5f1eca09575ac35e90956ae3b27311,0,56562,15453966462,0,1,0x095ea7b30000000000000000000000007a250d5630b4cf539739df2c5dacb4c659f2488dffffffffffffffffffffffffffffffffffffffffffffffffffffffffffffffff,,28041946,47135,5926132,0x095ea7b3,"approve(address _spender, uint256 _value)"
17610798,1688355119,0xe44e52f587e20478a7d8989f28ac67e35ad4a585400b3c648b19c577c6312243,18,0x77dd8245ccf979c6a26674cb3c3db04029c3ea41e38ca9b65596dc4ebfe34068,118,0xcd2fe7b9799de0b8a768b744f3e90a3a4372776f,0xc3c51c071e5f1eca09575ac35e90956ae3b27311,0,56562,15103502047,0,1,0x095ea7b30000000000000000000000007a250d5630b4cf539739df2c5dacb4c659f2488dffffffffffffffffffffffffffffffffffffffffffffffffffffffffffffffff,,11680828,47135,5926123,0x095ea7b3,"approve(address _spender, uint256 _value)"
17610804,1688355191,0x473faad2b2ae5797895bb1a52d68dce08fb061938650487d228368db985ffcd0,25,0xf5a85acbdff60395ce40b7cb3fa82d0cbd98916fad86d7d7d0dc01e264d8c7f4,123,0xa8cc0a09f730d3629a66c21cc8bbdc3053b04411,0xc3c51c071e5f1eca09575ac35e90956ae3b27311,0,56562,14984180384,0,1,0x095ea7b30000000000000000000000007a250d5630b4cf539739df2c5dacb4c659f2488dffffffffffffffffffffffffffffffffffffffffffffffffffffffffffffffff,,17088698,47135,5926117,0x095ea7b3,"approve(address _spender, uint256 _value)"
17610805,1688355203,0xba9e011058ce5d7c3a5c02ee27280678b3f3122e3d9b499947dda27b95995cc1,13,0x05803e8b05541c2aa8dbb2aa0285e65d3590f838f98e3df268c16007615c91e7,41,0x33435655ccdf4abf42b12aa1ff5e71890935caf9,0xc3c51c071e5f1eca09575ac35e90956ae3b27311,0,44476,15750000000,0,1,0x095ea7b300000000000000000000000077edae6a5f332605720688c7fda7476476e8f83f0000000000000000000000000000000000000000000000000000000000000000,,2870864,24851,5926116,0x095ea7b3,"approve(address _spender, uint256 _value)"
17610808,1688355239,0x7a7ce2b1c417e0c64c3912e9f53187d8d5ee4677efb83196fe2b40dc0f3d075d,25,0x4bd63480dbf835fe09583015a140cb22e3e55efc9a76a9f8435ebc8206afb3aa,139,0x8d86abe9f9da707652384c1121193bb1076c8337,0xc3c51c071e5f1eca09575ac35e90956ae3b27311,0,56562,13997514119,0,1,0x095ea7b30000000000000000000000007a250d5630b4cf539739df2c5dacb4c659f2488dffffffffffffffffffffffffffffffffffffffffffffffffffffffffffffffff,,20297890,47135,5926113,0x095ea7b3,"approve(address _spender, uint256 _value)"
17610814,1688355323,0x2bd5521eb1b543151d9dc426ad869385def1ea9bc2c9a993e2056ec1080ff607,17,0x135268b3d1c7075328b1ec837d2df731c31535d3105456f4fb824531fa0d07da,119,0xf68021679fdeeb37e75decbc0e1b6047c7fc0f5a,0xc3c51c071e5f1eca09575ac35e90956ae3b27311,0,56562,15069843321,0,1,0x095ea7b30000000000000000000000007a250d5630b4cf539739df2c5dacb4c659f2488dffffffffffffffffffffffffffffffffffffffffffffffffffffffffffffffff,,17196152,47135,5926107,0x095ea7b3,"approve(address _spender, uint256 _value)"
17610825,1688355467,0x4b6f3b1cf28ab7e61f2a1f4ef69f26bfb398120c2a74f324bf537882ff9f7387,29,0x4b2de74d185cf10b9c0cbb58f4179684c196c7ff070141e29379544a534fff12,126,0xa0bdd9dd0617bd2b9e5a22da03e24cea180c1e40,0xc3c51c071e5f1eca09575ac35e90956ae3b27311,0,56562,15201080405,0,1,0x095ea7b30000000000000000000000007a250d5630b4cf539739df2c5dacb4c659f2488dffffffffffffffffffffffffffffffffffffffffffffffffffffffffffffffff,,13127652,47135,5926096,0x095ea7b3,"approve(address _spender, uint256 _value)"
17610831,1688355539,0x4b9a0a4fa5db5aa4361664939077cd5e6639c8e1443e24299ea16bae4c457006,14,0xb30b6d998a2022ef51ece9afe5a7a38490cc69dabf1df3758380c2fee12e7378,111,0xd6d4f96973589301bd1d13f36ba9da6a2b73f5fe,0xc3c51c071e5f1eca09575ac35e90956ae3b27311,0,56562,13954105283,0,1,0x095ea7b30000000000000000000000007a250d5630b4cf539739df2c5dacb4c659f2488dffffffffffffffffffffffffffffffffffffffffffffffffffffffffffffffff,,11953669,47135,5926090,0x095ea7b3,"approve(address _spender, uint256 _value)"
17610836,1688355599,0x49c642295c6397626ba5f938e3c05da3b71b6bbcb98dc8768527f4494bb6c771,20,0x3d67b30ce0fd93f75e36c99f6292d2d008a087825522b1b57bcfdb46dabb568f,102,0x53459fa28b0c33c7a50516d1fde72c9bdbf21649,0xc3c51c071e5f1eca09575ac35e90956ae3b27311,0,56562,13739808597,0,1,0x095ea7b30000000000000000000000007a250d5630b4cf539739df2c5dacb4c659f2488dffffffffffffffffffffffffffffffffffffffffffffffffffffffffffffffff,,9374330,47135,5926085,0x095ea7b3,"approve(address _spender, uint256 _value)"
17610839,1688355635,0x6bbc23503f50051ed15cca5c82faea3dc71bfbedda6ed606314bc4339a72bfeb,19,0x79d9156bee60a6404161711a75ef526e9640a52fe2b6a2bc9ecaccc0909d1163,128,0xd6ab17bc6a2275725ec83f84234dffc28973dd4b,0xc3c51c071e5f1eca09575ac35e90956ae3b27311,0,56562,12891831288,0,1,0x095ea7b30000000000000000000000007a250d5630b4cf539739df2c5dacb4c659f2488dffffffffffffffffffffffffffffffffffffffffffffffffffffffffffffffff,,11442085,47135,5926082,0x095ea7b3,"approve(address _spender, uint256 _value)"
17610842,1688355671,0xa92d2cee7b553fa3b4f7be0c5e54b5ecd09c5fe76aef90eefdc3fd44cd1a25fd,31,0x074c0022b868752fc6ad1e75392da3bd2b72583cdb6fc646b61cb601559b552b,102,0xea7f202ed1a7a67364a8b29df5c16559ad4875f6,0xc3c51c071e5f1eca09575ac35e90956ae3b27311,0,56562,13827107748,0,1,0x095ea7b30000000000000000000000007a250d5630b4cf539739df2c5dacb4c659f2488dffffffffffffffffffffffffffffffffffffffffffffffffffffffffffffffff,,11312759,47135,5926079,0x095ea7b3,"approve(address _spender, uint256 _value)"
17610845,1688355707,0xe2e7d710cde026d27740ca9c7724c908d45545261470f56753e9be3eb8867c08,9,0xa3de7d254b172f15daa5799769d5443596711d4dd70dcd27c13852ecd9779131,29,0x71e2dbb308ce4821908e79850b69f418a4d00095,0xc3c51c071e5f1eca09575ac35e90956ae3b27311,0,81774,12798476747,0,1,0xa9059cbb000000000000000000000000000000000000000000000000000000000000dead0000000000000000000000000000000000000000000000003ab37d5fb375ab2d,,25264664,54516,5926076,0xa9059cbb,"transfer(address _to, uint256 _value)"
17610846,1688355719,0xba6af63dce70b465bb2c3f8debad29831de7236c3fc44f3d7abc45f55030cf65,14,0x838a913b064ba55a76704dfea0832268adda29aa12650201de838582358432d1,173,0xbd6ab9a58a7d131e7a0434c2e0b7d732cec69f60,0xc3c51c071e5f1eca09575ac35e90956ae3b27311,0,56562,14330487987,0,1,0x095ea7b30000000000000000000000007a250d5630b4cf539739df2c5dacb4c659f2488dffffffffffffffffffffffffffffffffffffffffffffffffffffffffffffffff,,16276779,47135,5926075,0x095ea7b3,"approve(address _spender, uint256 _value)"
17610864,1688355959,0x980e83d03eb0bc102b00d0df99ed432869e14d0a0c22f867909158599a7aa31d,25,0xe51df2c3083be8f5c16670be6ba2b402970e6887e543ba8e82b04b21f4514595,60,0x577e0084613e144304fc0a9f37f305476550a8b7,0xc3c51c071e5f1eca09575ac35e90956ae3b27311,0,56562,15582106601,0,1,0x095ea7b30000000000000000000000007a250d5630b4cf539739df2c5dacb4c659f2488dffffffffffffffffffffffffffffffffffffffffffffffffffffffffffffffff,,15975185,47135,5926057,0x095ea7b3,"approve(address _spender, uint256 _value)"
17610867,1688355995,0x06e09e633c8c307abbd6d237374afbb7623306402a3889396c00f68b2e4dbb8f,23,0x05d5909d390f39bf51bf4b479fa62703ac9f7bd25205c30080db2aca329e933e,61,0x32ae323792ecf158ae89283f49a255e96536d3b9,0xc3c51c071e5f1eca09575ac35e90956ae3b27311,0,56562,15069081687,0,1,0x095ea7b30000000000000000000000007a250d5630b4cf539739df2c5dacb4c659f2488dffffffffffffffffffffffffffffffffffffffffffffffffffffffffffffffff,,7693017,47135,5926054,0x095ea7b3,"approve(address _spender, uint256 _value)"
17610874,1688356079,0x45d39b89aaef2cd15e8dd376681912635204cb87f1f18f0197ebac3ceb158e90,24,0xca08b16482b9eae40d88f054cf19ba58e8c79dc8a205121a76100e5b0410292f,65,0x6c8928f2e1b408ee789790e3d4e09478551253e3,0xc3c51c071e5f1eca09575ac35e90956ae3b27311,0,56562,15583346781,0,1,0x095ea7b30000000000000000000000007a250d5630b4cf539739df2c5dacb4c659f2488dffffffffffffffffffffffffffffffffffffffffffffffffffffffffffffffff,,6097384,47135,5926047,0x095ea7b3,"approve(address _spender, uint256 _value)"
17610890,1688356283,0x25387d41a83138b86a123d69805ebf37a22958d8af91b93ed5d3cf71c612250f,37,0x5ec8ef8e0e58979f85e5446b0a0d85e8154f8a8a9566970e1156706433ec293b,160,0x306e00493141835f60ae72a7eb16848e09b32ace,0xc3c51c071e5f1eca09575ac35e90956ae3b27311,0,56562,13082633922,0,1,0x095ea7b30000000000000000000000007a250d5630b4cf539739df2c5dacb4c659f2488dffffffffffffffffffffffffffffffffffffffffffffffffffffffffffffffff,,16372070,47135,5926031,0x095ea7b3,"approve(address _spender, uint256 _value)"
17610895,1688356343,0xc34468c4d6036107c1fb71648f6a22a9fc4e43f1eaaf83fec2549a840f14dd4e,22,0x6176ede1c80d57a35ef251f5018413cfebeb929dcc29a07acb6447b64949a431,171,0xec5e3003c15e8d7d5a079657c1307e995f3b1517,0xc3c51c071e5f1eca09575ac35e90956ae3b27311,0,56562,15715483305,0,1,0x095ea7b30000000000000000000000007a250d5630b4cf539739df2c5dacb4c659f2488dffffffffffffffffffffffffffffffffffffffffffffffffffffffffffffffff,,15425766,47135,5926026,0x095ea7b3,"approve(address _spender, uint256 _value)"
17610903,1688356439,0xaa98ffcf93092bb234c3aee17d7edaebfdb076cf0a4840b8cc94251cbfd5b5c4,23,0xd96e56480a7301505e6424b16e236e73ee227ea48dbbf7ae921a222996a301f6,33,0x653552d70a4aba8f16a0c18b2bb3cebaddd418bb,0xc3c51c071e5f1eca09575ac35e90956ae3b27311,0,56562,13578315924,0,1,0x095ea7b30000000000000000000000007a250d5630b4cf539739df2c5dacb4c659f2488dffffffffffffffffffffffffffffffffffffffffffffffffffffffffffffffff,,5550556,47135,5926018,0x095ea7b3,"approve(address _spender, uint256 _value)"
17610906,1688356487,0x37a5f3cf03296f7c0f34458a40ab15f5b1694f8083dbaed4420bd511509b4702,22,0x5029381f83306339e96c6776630ef57d697822679c14f4fc37344d30a4aeed9b,66,0xd8c6c29a2eded87bbb5fd8964b62b2cb303b6870,0xc3c51c071e5f1eca09575ac35e90956ae3b27311,0,56562,12791392701,0,1,0x095ea7b30000000000000000000000007a250d5630b4cf539739df2c5dacb4c659f2488dffffffffffffffffffffffffffffffffffffffffffffffffffffffffffffffff,,10066356,47135,5926015,0x095ea7b3,"approve(address _spender, uint256 _value)"
17610914,1688356583,0xe1956f39e0fba1f60d4d38fb8d2b7a337f86ba4d2e4becde8db582c0c12dd0c1,24,0x949001f4c791897bf9143a4973227bacb30845f5e40519ba7068661019a093e7,119,0x8fe8a5b3e59005d94be05b6ec0cbd885e9da1e19,0xc3c51c071e5f1eca09575ac35e90956ae3b27311,0,56562,14093038647,0,1,0x095ea7b30000000000000000000000007a250d5630b4cf539739df2c5dacb4c659f2488dffffffffffffffffffffffffffffffffffffffffffffffffffffffffffffffff,,12930818,47135,5926007,0x095ea7b3,"approve(address _spender, uint256 _value)"
17610917,1688356619,0x303f0c0b1933d760031fbd6e71f04b4b7758ca55309b5ef2866721fea50c05a5,35,0xaf76487ceee0bddfc4ee690b906924aeaf5e4591226c1ead7041a67673ac3041,125,0xee19142ce91c2a4a0b337d481167560ea2518279,0xc3c51c071e5f1eca09575ac35e90956ae3b27311,0,56562,12641557617,0,1,0x095ea7b30000000000000000000000007a250d5630b4cf539739df2c5dacb4c659f2488dffffffffffffffffffffffffffffffffffffffffffffffffffffffffffffffff,,13768288,47135,5926004,0x095ea7b3,"approve(address _spender, uint256 _value)"
17610924,1688356703,0xb7b9afbce27981d2a8ed0505ebcc3ed66c9dd4ee7a87757bfa13d3dd8c18ec4a,18,0xcb61b02cdc726f96010c0d31ea13278cde7d18b04d710d6a3d83654483f18f78,140,0x1ad2441c07d1650806ac92c5148a0d1fdd89bf4e,0xc3c51c071e5f1eca09575ac35e90956ae3b27311,0,56562,13743073386,0,1,0x095ea7b30000000000000000000000007a250d5630b4cf539739df2c5dacb4c659f2488dffffffffffffffffffffffffffffffffffffffffffffffffffffffffffffffff,,12715508,47135,5925997,0x095ea7b3,"approve(address _spender, uint256 _value)"
17610933,1688356811,0xc91d7d613bf7ba915dfbfa841b933ca336dcbcf38a66f160f0d3ad3705680fd2,21,0xbf267b88a4fd14d026d6ecdec78d7c13db4f4f003d50216a828b56409889d217,452,0xae4b36ea3cd79ceba0da231b2e156be415c97556,0xc3c51c071e5f1eca09575ac35e90956ae3b27311,0,56562,13174418408,0,1,0x095ea7b30000000000000000000000007a250d5630b4cf539739df2c5dacb4c659f2488dffffffffffffffffffffffffffffffffffffffffffffffffffffffffffffffff,,29737363,47135,5925988,0x095ea7b3,"approve(address _spender, uint256 _value)"
17610985,1688357459,0xecd5087874c2eb091962516f7f1b86df30a80ada4434b7ab9e23d3143b1daba0,8,0xdf303f70211dbe9afc9ce67ac756c849f5818bcbd71d160281b04476bfdffd7a,143,0x87f60e577a4b5ee6a2f3156cbc8261d103600177,0xc3c51c071e5f1eca09575ac35e90956ae3b27311,0,64081,13595414303,0,1,0x99170dd80000000000000000000000000000000000000000000000000000000000000040000000000000000000000000000000000785ee10d5da46d900f436a00000000000000000000000000000000000000000000000000000000000000000000000020000000000000000000000007ef55cda39f80aa50f42c442262b77cbb9c44a5e000000000000000000000000a581eeff5f5df15af2ba2eec701ebc3e098557d6,,11991924,34177,5925936,0x99170dd8,"burnFromAddresses(address[] accounts,uint256 amount)"
17611030,1688357999,0xa579248feaf93f4c7d728fa1bd818432f43ccad97d57bf62d144530d960b3ac3,47,0x824079113488c2d845d6a136c860cd35228cb09436cc8c458007bd0552f7450e,24,0x4349c1024251974e4bdf6f281d52222fae12a6ae,0xc3c51c071e5f1eca09575ac35e90956ae3b27311,0,56562,17012255348,0,1,0x095ea7b30000000000000000000000007a250d5630b4cf539739df2c5dacb4c659f2488dffffffffffffffffffffffffffffffffffffffffffffffffffffffffffffffff,,2716294,47135,5925891,0x095ea7b3,"approve(address _spender, uint256 _value)"
17611038,1688358095,0x84691f7e09e747e33c17137f1ccf5d4e6d08ccbf93cac956ff77cd1cb22bf975,9,0xbbf501070e0e86d829e9141042f1310cbb4b8043a1d0c60334db895540263831,76,0x87f60e577a4b5ee6a2f3156cbc8261d103600177,0xc3c51c071e5f1eca09575ac35e90956ae3b27311,0,50491,16397743718,0,1,0x99170dd80000000000000000000000000000000000000000000000000000000000000040000000000000000000000000000000000785ee10d5da46d900f436a00000000000000000000000000000000000000000000000000000000000000000000000010000000000000000000000004349c1024251974e4bdf6f281d52222fae12a6ae,,13781015,28861,5925883,0x99170dd8,"burnFromAddresses(address[] accounts,uint256 amount)"
17611048,1688358215,0x5a0afd482ec370d267c7a7657b8ea368f96c03446ea68976aa0d1bcd896431b9,10,0x7d9165b5578f917154a43709af0ae24976ac4135eaa0c599ee4baaa2d6f5b092,100,0x87f60e577a4b5ee6a2f3156cbc8261d103600177,0xc3c51c071e5f1eca09575ac35e90956ae3b27311,0,50491,13104973916,0,1,0x99170dd80000000000000000000000000000000000000000000000000000000000000040000000000000000000000000000000000785ee10d5da46d900f436a00000000000000000000000000000000000000000000000000000000000000000000000010000000000000000000000004a296e2c8bbc2bb618b3dc88dd8c48ad307b4d0d,,9884462,28861,5925873,0x99170dd8,"burnFromAddresses(address[] accounts,uint256 amount)"
17611049,1688358227,0x0369475696ace30e7eb9695b3397a042db55aa377d0e53cdd8097a50ededa165,11,0x805fa92588f604f0166d0d1d47af032f0f772fce7fbad21d9f5d5eed89c9c813,100,0x87f60e577a4b5ee6a2f3156cbc8261d103600177,0xc3c51c071e5f1eca09575ac35e90956ae3b27311,0,50491,13271656499,0,1,0x99170dd80000000000000000000000000000000000000000000000000000000000000040000000000000000000000000000000000785ee10d5da46d900f436a0000000000000000000000000000000000000000000000000000000000000000000000001000000000000000000000000e58b5eba530a0ed712f3915c89f5dca208aa9c15,,9673647,28861,5925872,0x99170dd8,"burnFromAddresses(address[] accounts,uint256 amount)"
17611067,1688358443,0x03480b01b212f95cf38104f33edaaed9b7d46c9ed966cb167254bf3ab67b3611,12,0xb5db40f77e17decdc3c85d90ccf6f513a1f0fcd409bd2e688ac5074a504f283d,129,0x87f60e577a4b5ee6a2f3156cbc8261d103600177,0xc3c51c071e5f1eca09575ac35e90956ae3b27311,0,50491,12846827913,0,1,0x99170dd80000000000000000000000000000000000000000000000000000000000000040000000000000000000000000000000000785ee10d5da46d900f436a0000000000000000000000000000000000000000000000000000000000000000000000001000000000000000000000000e58b5eba530a0ed712f3915c89f5dca208aa9c15,,10648918,28861,5925854,0x99170dd8,"burnFromAddresses(address[] accounts,uint256 amount)"
17611070,1688358479,0xf6d3bf39ef2bd095ae4639095283488b329b6de9d8d14fff34ff5ab90d20b24f,25,0xe786de060e958c93b1ab5e1b285db6cb56edfbb63406328ea6216046534dc1ac,139,0xd1987430dea783df8f605dd1b996e0cbc2947fd0,0xc3c51c071e5f1eca09575ac35e90956ae3b27311,0,56562,13711827307,0,1,0x095ea7b30000000000000000000000007a250d5630b4cf539739df2c5dacb4c659f2488dffffffffffffffffffffffffffffffffffffffffffffffffffffffffffffffff,,17518994,47135,5925851,0x095ea7b3,"approve(address _spender, uint256 _value)"
17611089,1688358707,0xa8ac710260042650fe18ab9f624151eb086c726f8ce9412355dc43c453d2a7c2,13,0x20d9e47a24792594f7fdafcc2b3c3c1b241d5883a1ef640a4c8cb237c5bb74c8,97,0x87f60e577a4b5ee6a2f3156cbc8261d103600177,0xc3c51c071e5f1eca09575ac35e90956ae3b27311,0,50491,15428294280,0,1,0x99170dd80000000000000000000000000000000000000000000000000000000000000040000000000000000000000000000000000785ee10d5da46d900f436a00000000000000000000000000000000000000000000000000000000000000000000000010000000000000000000000003501dda64310a33049eddcffa68b760ed6f191fe,,11282574,28861,5925832,0x99170dd8,"burnFromAddresses(address[] accounts,uint256 amount)"
17611109,1688358947,0x8bf14401cf3b95811e936e690dd2f80517140fda113537addf10c131ad0aa797,24,0x14fe8f7d6fdf8df411da876042b66c78f8bbaef1dd2fcd5033538eae77578848,123,0xab38ca3e57fd7c24feabbaf23094a96c0538e511,0xc3c51c071e5f1eca09575ac35e90956ae3b27311,0,56562,13101728262,0,1,0x095ea7b30000000000000000000000007a250d5630b4cf539739df2c5dacb4c659f2488dffffffffffffffffffffffffffffffffffffffffffffffffffffffffffffffff,,16095344,47135,5925812,0x095ea7b3,"approve(address _spender, uint256 _value)"
17611115,1688359019,0x6ecfd0c01dba7a2dd1bd4b0b52056965800b720ed9a62bd046a3e260f627dd11,14,0x07e0e3d470d241c7d52ae3e97907eaa244a798bb7b124b24216ac27dfa0e5707,58,0x87f60e577a4b5ee6a2f3156cbc8261d103600177,0xc3c51c071e5f1eca09575ac35e90956ae3b27311,0,50491,13910493229,0,1,0x99170dd80000000000000000000000000000000000000000000000000000000000000040000000000000000000000000000000000785ee10d5da46d900f436a000000000000000000000000000000000000000000000000000000000000000000000000100000000000000000000000040c86bd674764e2a04bf139003dddd13e1459439,,26171902,28861,5925806,0x99170dd8,"burnFromAddresses(address[] accounts,uint256 amount)"
17611209,1688360159,0xc78e2c0156d5d8543f02484f264751c15d959d142d7a04da9b1eacbec1be2252,15,0x42d1eb8d9c84a731dd00518503c4c540285297b5d957fe3fa91713cdf239d5e3,77,0x87f60e577a4b5ee6a2f3156cbc8261d103600177,0xc3c51c071e5f1eca09575ac35e90956ae3b27311,0,50491,13193749614,0,1,0x99170dd80000000000000000000000000000000000000000000000000000000000000040000000000000000000000000000000000785ee10d5da46d900f436a00000000000000000000000000000000000000000000000000000000000000000000000010000000000000000000000008e4d4afa1b8923c1e4863a9fead641dc0aa23d47,,11272955,28861,5925712,0x99170dd8,"burnFromAddresses(address[] accounts,uint256 amount)"
17611235,1688360471,0xdd4cf6e1fbdb743e77742cf129a2987c28354da120c714104fb2a14b58dc5f33,16,0x0ce9fbabe588a94a593d8772828cdc2ad14806887f350176495d4b6d325aa598,72,0x87f60e577a4b5ee6a2f3156cbc8261d103600177,0xc3c51c071e5f1eca09575ac35e90956ae3b27311,0,64063,13034948191,0,1,0x99170dd80000000000000000000000000000000000000000000000000000000000000040000000000000000000000000000000000785ee10d5da46d900f436a000000000000000000000000000000000000000000000000000000000000000000000000200000000000000000000000040c86bd674764e2a04bf139003dddd13e1459439000000000000000000000000062f2af5d9144405ab4edda25118099d6c00cbf3,,8331116,34168,5925686,0x99170dd8,"burnFromAddresses(address[] accounts,uint256 amount)"
17611240,1688360531,0x3bda4a10d52b1de48d0725b34d11e4980cbd4b5e930c328105b1ef9f36962b30,17,0x8fb1c747174f39db563914490ec061a0687ca635a0f071a209c4eff89e897c2f,145,0x87f60e577a4b5ee6a2f3156cbc8261d103600177,0xc3c51c071e5f1eca09575ac35e90956ae3b27311,0,50473,13310405964,0,1,0x99170dd80000000000000000000000000000000000000000000000000000000000000040000000000000000000000000000000000785ee10d5da46d900f436a00000000000000000000000000000000000000000000000000000000000000000000000010000000000000000000000008be3cfafb00035e31f63c0f08283b87be76530f9,,8562081,28849,5925681,0x99170dd8,"burnFromAddresses(address[] accounts,uint256 amount)"
17611243,1688360567,0xe0798c0a8b7cc30c44588dd4ecc2ae2563eb04a12345cdba608b94c4433e5ce6,18,0xb98bb312b4c21f8f247551f9a2be6a9d146a743900d14107fa8cf675732d3766,97,0x87f60e577a4b5ee6a2f3156cbc8261d103600177,0xc3c51c071e5f1eca09575ac35e90956ae3b27311,0,50491,13145057406,0,1,0x99170dd80000000000000000000000000000000000000000000000000000000000000040000000000000000000000000000000000785ee10d5da46d900f436a0000000000000000000000000000000000000000000000000000000000000000000000001000000000000000000000000ec01fe8288854fa17535758db6320c71bf31b161,,7029680,28861,5925678,0x99170dd8,"burnFromAddresses(address[] accounts,uint256 amount)"
17611247,1688360615,0x3a0ae6f854636f50decbd651f61b703c18a8341b5ce17f9f79275beba931011a,19,0xf508dc7b104cf2d1f02c57ec1bd25e77dc2bc79abaa49f8e24f94154bbbf4da0,171,0x87f60e577a4b5ee6a2f3156cbc8261d103600177,0xc3c51c071e5f1eca09575ac35e90956ae3b27311,0,50491,12551567152,0,1,0x99170dd80000000000000000000000000000000000000000000000000000000000000040000000000000000000000000000000000785ee10d5da46d900f436a0000000000000000000000000000000000000000000000000000000000000000000000001000000000000000000000000f15e3559dd4fcb167f0f163bba22dc90a28fd055,,16912736,28861,5925674,0x99170dd8,"burnFromAddresses(address[] accounts,uint256 amount)"
17611295,1688361191,0xde61ca919eb1209417cbd999d99ab35c1dc202943552be333c1c469688c41b6e,34,0x7c84f5e8893c564030ffa963e75af3799407a039a2335c20b7bbb3213dd101dc,111,0xd782f5ac0a46f1f18f00c8c0da03beb54f0b2250,0xc3c51c071e5f1eca09575ac35e90956ae3b27311,0,56562,12182671254,0,1,0x095ea7b30000000000000000000000007a250d5630b4cf539739df2c5dacb4c659f2488dffffffffffffffffffffffffffffffffffffffffffffffffffffffffffffffff,,23323260,47135,5925626,0x095ea7b3,"approve(address _spender, uint256 _value)"
17611302,1688361275,0x8fec941ecb4f05d4a73c60865f0412be3e32b2b63577f2c569b01360918b04df,29,0xde6c8031cc5bee9c45242e15c83ee1eb02c8347db9eedcce2b83e42d59aee547,60,0xec01fe8288854fa17535758db6320c71bf31b161,0xc3c51c071e5f1eca09575ac35e90956ae3b27311,0,70180,12919697840,0,1,0x095ea7b30000000000000000000000006352a56caadc4f1e25cd6c75970fa768a3304e64000000000000000000000000000000000000000000000000000000003b9aca00,,10755187,46787,5925619,0x095ea7b3,"approve(address _spender, uint256 _value)"
17611303,1688361287,0xa6f759277cd714c1510bb97a47be0d8bcae7764274f0b84b3de7c35725dfb980,27,0x2466146ec2f05629094d7dd623ce74cce9baca75a94725a77ebf5394ba8aa484,88,0x42e5392eefc277a6e67a4ae3a2341aa35b3095f9,0xc3c51c071e5f1eca09575ac35e90956ae3b27311,0,56562,12710568254,0,1,0x095ea7b30000000000000000000000007a250d5630b4cf539739df2c5dacb4c659f2488dffffffffffffffffffffffffffffffffffffffffffffffffffffffffffffffff,,10717077,47135,5925618,0x095ea7b3,"approve(address _spender, uint256 _value)"
17611315,1688361431,0x6acf1c86b0e7b10e77b9b1b0d3e1bd9ac6f11eac14821ea63f6e5e44f976eb85,30,0x785c79f9b9bf224d631ee9ead68ec5d7c320de8c1afb48937b3fb0266a3195ee,110,0x44709eb3f898487bf24b976de6e43dbefd2180c0,0xc3c51c071e5f1eca09575ac35e90956ae3b27311,0,56562,12901718043,0,1,0x095ea7b30000000000000000000000007a250d5630b4cf539739df2c5dacb4c659f2488dffffffffffffffffffffffffffffffffffffffffffffffffffffffffffffffff,,11192235,47135,5925606,0x095ea7b3,"approve(address _spender, uint256 _value)"
17611352,1688361887,0x1fecb48970f831be21433cbe0a71baf39d2dad1d53eea184217fa13c303805b9,20,0x8639dfa119dde9a4cd86ba87bc97118186f5c4f69764df2f0b877cd6d334fd9c,69,0x87f60e577a4b5ee6a2f3156cbc8261d103600177,0xc3c51c071e5f1eca09575ac35e90956ae3b27311,0,64081,14616073864,0,1,0x99170dd80000000000000000000000000000000000000000000000000000000000000040000000000000000000000000000000000785ee10d5da46d900f436a00000000000000000000000000000000000000000000000000000000000000000000000020000000000000000000000006df07e9d332428a614ed16f16990120c6b9157ba0000000000000000000000007464bca68348fa53df881771b980b32202909afb,,6339503,34177,5925569,0x99170dd8,"burnFromAddresses(address[] accounts,uint256 amount)"
17611603,1688364971,0x9258fea11a2a4a3ba390ce8ff40a7dba747f532e2b82e309967a6edf13142e01,23,0x1b3a7a94fde0f19ffdf8b622b3b25dc5a9481254d642b3cc8e3f4a15d61a1e08,133,0x87f60e577a4b5ee6a2f3156cbc8261d103600177,0xc3c51c071e5f1eca09575ac35e90956ae3b27311,0,64081,13018841788,0,1,0x99170dd80000000000000000000000000000000000000000000000000000000000000040000000000000000000000000000000000785ee10d5da46d900f436a00000000000000000000000000000000000000000000000000000000000000000000000020000000000000000000000001cf5608044a1bc04a2bb8fff7193eb71c89c0b0f00000000000000000000000040c86bd674764e2a04bf139003dddd13e1459439,,15220733,34177,5925318,0x99170dd8,"burnFromAddresses(address[] accounts,uint256 amount)"
17611607,1688365019,0x1cf370ee6c906b296987bb7d81894131430651b556ccf3c747455819b78f9543,24,0x253d6322f39ce1ddde04a45b579c371b11de1df460299f6a43d88e0ab9eb6d8d,148,0x87f60e577a4b5ee6a2f3156cbc8261d103600177,0xc3c51c071e5f1eca09575ac35e90956ae3b27311,0,50491,13324601156,0,1,0x99170dd80000000000000000000000000000000000000000000000000000000000000040000000000000000000000000000000000785ee10d5da46d900f436a000000000000000000000000000000000000000000000000000000000000000000000000100000000000000000000000083423b2b511c2f617f65ca1d752112176732fb0f,,17367643,28861,5925314,0x99170dd8,"burnFromAddresses(address[] accounts,uint256 amount)"
17611628,1688365271,0x5ed8a58d57dcf16ee5abd42d85eb8c22b1d4574efeb61f718b89f18a792ec6fb,25,0x19d11cb4d53962aae8185ee19da6f527bba7fc13a19671fff80654dac9c22397,115,0x87f60e577a4b5ee6a2f3156cbc8261d103600177,0xc3c51c071e5f1eca09575ac35e90956ae3b27311,0,50491,12678745513,0,1,0x99170dd80000000000000000000000000000000000000000000000000000000000000040000000000000000000000000000000000785ee10d5da46d900f436a0000000000000000000000000000000000000000000000000000000000000000000000001000000000000000000000000eb6529e84b654d993768434516c3e7dc618ce5a2,,8016405,28861,5925293,0x99170dd8,"burnFromAddresses(address[] accounts,uint256 amount)"
17611668,1688365763,0xe50e8369e89a3cf348949bdb7bb769667beca37478dc6e5d597a7ab93c4fa345,26,0xb2e420f1de72d1783bc563c0b6326e8c0fb04528a42b557d25712c7a4c851d0e,100,0x87f60e577a4b5ee6a2f3156cbc8261d103600177,0xc3c51c071e5f1eca09575ac35e90956ae3b27311,0,50491,13711298702,0,1,0x99170dd80000000000000000000000000000000000000000000000000000000000000040000000000000000000000000000000000785ee10d5da46d900f436a0000000000000000000000000000000000000000000000000000000000000000000000001000000000000000000000000706af0807a5a092f2ab655d0b1baefab9a4a46b9,,10846234,28861,5925253,0x99170dd8,"burnFromAddresses(address[] accounts,uint256 amount)"
17611736,1688366591,0xffc93d6e9e3946c4696e5f4c2dd19c454276b76673b9852da253f2cdb1b94a67,27,0xbde41753a6da805b5ea8718677828c5da1157fc8a3bffc1de2709691088afe7d,73,0x87f60e577a4b5ee6a2f3156cbc8261d103600177,0xc3c51c071e5f1eca09575ac35e90956ae3b27311,0,50491,21279869059,0,1,0x99170dd80000000000000000000000000000000000000000000000000000000000000040000000000000000000000000000000000785ee10d5da46d900f436a000000000000000000000000000000000000000000000000000000000000000000000000100000000000000000000000077ed47617632505122d59ee03484256bbda1ae24,,6411577,28861,5925185,0x99170dd8,"burnFromAddresses(address[] accounts,uint256 amount)"
17611747,1688366723,0xbfea158ce0458630275ccff91935de4edb0d88d8280ec72a6cc2456ca7e66329,28,0xe1b78609dd9057f6e02c16810373d57dc53a7251e45a2f7c51ab396fed802ac7,73,0x87f60e577a4b5ee6a2f3156cbc8261d103600177,0xc3c51c071e5f1eca09575ac35e90956ae3b27311,0,64081,17501610603,0,1,0x99170dd80000000000000000000000000000000000000000000000000000000000000040000000000000000000000000000000000785ee10d5da46d900f436a000000000000000000000000000000000000000000000000000000000000000000000000200000000000000000000000066260c1f09ddb4bc537f155f0b8fa8297e28e31f0000000000000000000000005de265a0bd323d85ea1c8344c619c69e635ede5c,,8855396,34177,5925174,0x99170dd8,"burnFromAddresses(address[] accounts,uint256 amount)"
17611760,1688366879,0x2b4a4d68002646bbd7306ec8ffba9f5633575bf20ea6838c47edcdc7492bea51,35,0x4f12eb95d09099960280a575b7f8790387f9873908deb3c318f0abe6eb3d247b,146,0xdc4153d771cc199b8e434a62a19a3c3ca67a5eee,0xc3c51c071e5f1eca09575ac35e90956ae3b27311,0,56562,15436554274,0,1,0x095ea7b30000000000000000000000007a250d5630b4cf539739df2c5dacb4c659f2488dffffffffffffffffffffffffffffffffffffffffffffffffffffffffffffffff,,14671586,47135,5925161,0x095ea7b3,"approve(address _spender, uint256 _value)"
17611763,1688366915,0x6dc1338f8e93d7713e2f8d35e184f11a336e2d370947cc42fd6b5906272cfb6b,22,0xedf131c4e63d8f6e88ac0936bfd749736b1f8ddb455b3df74bc5a437a631039b,118,0x4d90e66d5966fe1743cbcb4c3c280571977f00d1,0xc3c51c071e5f1eca09575ac35e90956ae3b27311,0,56562,15386084723,0,1,0x095ea7b30000000000000000000000007a250d5630b4cf539739df2c5dacb4c659f2488dffffffffffffffffffffffffffffffffffffffffffffffffffffffffffffffff,,16043963,47135,5925158,0x095ea7b3,"approve(address _spender, uint256 _value)"
17611858,1688368079,0x9eeba6c3494c67a3b8bfdba8045c6af21839eb60a12bf93a17e6caf2996a0598,29,0x288dd79de673ac57e221c4b6978f71b13b869237c42b0755846849546d3b1329,141,0x87f60e577a4b5ee6a2f3156cbc8261d103600177,0xc3c51c071e5f1eca09575ac35e90956ae3b27311,0,50491,12814887177,0,1,0x99170dd80000000000000000000000000000000000000000000000000000000000000040000000000000000000000000000000000785ee10d5da46d900f436a00000000000000000000000000000000000000000000000000000000000000000000000010000000000000000000000001c875aff4b60f74f48eb05e18228afc1f6fbb415,,11950304,28861,5925063,0x99170dd8,"burnFromAddresses(address[] accounts,uint256 amount)"
17611900,1688368583,0x4fe1215c3df733d2496b7707d9c41d0dcfa963dc9019c2c4fb05368aa1d4d2a6,30,0x07464358a75bfd54f9f4fb3fcc35e3b6a42773520f7009d3392dca3332ca4664,79,0x87f60e577a4b5ee6a2f3156cbc8261d103600177,0xc3c51c071e5f1eca09575ac35e90956ae3b27311,0,64081,13353455429,0,1,0x99170dd80000000000000000000000000000000000000000000000000000000000000040000000000000000000000000000000000785ee10d5da46d900f436a00000000000000000000000000000000000000000000000000000000000000000000000020000000000000000000000001aec38688e9e504fe1e5137e7c92bb1b092faa150000000000000000000000008d7be5425982bdfacdf0b9e4e18c9f324b45131a,,6433170,34177,5925021,0x99170dd8,"burnFromAddresses(address[] accounts,uint256 amount)"
17612084,1688370827,0xc1d5cbe8fc4cfdb15f3c8f4981a292403efaa33b4086384938b3567336e583fc,31,0xd9151d2e44bcc2d522539504d9f4b987bcc96c9d3e590502c18f475c629aec71,90,0x87f60e577a4b5ee6a2f3156cbc8261d103600177,0xc3c51c071e5f1eca09575ac35e90956ae3b27311,0,77671,14476678145,0,1,0x99170dd80000000000000000000000000000000000000000000000000000000000000040000000000000000000000000000000000785ee10d5da46d900f436a0000000000000000000000000000000000000000000000000000000000000000000000003000000000000000000000000719f56986c9f91c26a0a3e03439a53b5f7eaedb10000000000000000000000004ae1016871c1d910b99f3832d1de872333e70b9d000000000000000000000000562f0daeaa5aa30d8954c5c31dd1ee3c6f17d978,,11093371,41425,5924837,0x99170dd8,"burnFromAddresses(address[] accounts,uint256 amount)"
17612293,1688373371,0x3aa9167ada41e4504c6425c67b14686ef51d97cd1a62092c330d013b10856b10,23,0x77ca21137783e80a8446d9a6ba58a10524b3096baea9979dec2de49984a2baf3,85,0xff4faf8bd831a26f1d3787a02b902cdeeec74bd0,0xc3c51c071e5f1eca09575ac35e90956ae3b27311,0,46823,21636997127,0,1,0x095ea7b30000000000000000000000006131b5fae19ea4f9d964eac0408e4408b66337b50000000000000000000000000000000000000000000000000000b9cb4139ccaf,,12841504,46823,5924628,0x095ea7b3,"approve(address _spender, uint256 _value)"
17612324,1688373743,0x5ef710c443fa91b0a2e15b77f7df1263824c082fef90e34e2b9d8f982fc68d23,1,0xd09d98c44a281c95a282cb71656051230531db8e81363f273a163ed994b9ba36,112,0xb30a7d1c88ea8301988c6394e7dd157fc92893d3,0xc3c51c071e5f1eca09575ac35e90956ae3b27311,0,46763,19578811396,0,1,0x095ea7b3000000000000000000000000000000000022d473030f116ddee9f6b43ac78ba30000000000000000000000000000000000000000000000000000038d3c213cf3,,11744092,46763,5924597,0x095ea7b3,"approve(address _spender, uint256 _value)"
17612454,1688375339,0xcb54da3f562a7972a81d438dddec987960312209dd7bd3bbe757d0bc4408bc59,74,0xde2081464bbdd824374de37e1032c80f3727f2f9df30206923062e4324d15bd2,54,0x7aaf4694e23d84a2a06750a084e7fb0ce1821519,0xc3c51c071e5f1eca09575ac35e90956ae3b27311,0,47075,19378862849,0,1,0x095ea7b3000000000000000000000000000000000022d473030f116ddee9f6b43ac78ba3ffffffffffffffffffffffffffffffffffffffffffffffffffffffffffffffff,,4844492,47075,5924467,0x095ea7b3,"approve(address _spender, uint256 _value)"
17612495,1688375855,0x99dfe69b0f30e48cdcfe7726115adabbf019176462b5a05844ba817473362847,3417,0x50ffea8601f4a4e4968e57abcfaa4a447870a85ae49d65a081c54292e1d2686a,137,0x62794186e721a14780ff2382d9b695457a442bb9,0xc3c51c071e5f1eca09575ac35e90956ae3b27311,0,47075,18806348985,0,1,0x095ea7b3000000000000000000000000000000000022d473030f116ddee9f6b43ac78ba3ffffffffffffffffffffffffffffffffffffffffffffffffffffffffffffffff,,6917224,47075,5924426,0x095ea7b3,"approve(address _spender, uint256 _value)"
17612587,1688376959,0x469527323cb5df22f19a94d4d058aa15158b42c2925f7904c176d28fbf2906ef,11,0x14d109ad0eca467fc8c8750750d382a698f53b7b063a625270b3e4e4d9731129,50,0x70295f9cf33b93564dd122ff1a78edc42a8b6df5,0xc3c51c071e5f1eca09575ac35e90956ae3b27311,0,56490,22575207850,0,1,0x095ea7b3000000000000000000000000000000000022d473030f116ddee9f6b43ac78ba3ffffffffffffffffffffffffffffffffffffffffffffffffffffffffffffffff,,4568418,47075,5924334,0x095ea7b3,"approve(address _spender, uint256 _value)"
17612733,1688378711,0xcabe7c773827423c26b2658b79100e5e34922b31b47d20f56508f8a40cf3e6f7,15,0x599502f40f188535c49e12e55677f749352087919d4f9cef0c70100bc923fa4b,124,0xaa0066f9f63fe7df2cd4f71916e0c03d0da00038,0xc3c51c071e5f1eca09575ac35e90956ae3b27311,0,70145,26527716942,0,1,0x095ea7b3000000000000000000000000000000000022d473030f116ddee9f6b43ac78ba300000000000000000000000000000000000000000000000000008b273b9cabb9,,9405961,46763,5924188,0x095ea7b3,"approve(address _spender, uint256 _value)"
17612738,1688378771,0x0404a9d3fdb905a10ba343fa35f06672100d8fce2927932dd2a3f7557b8f4389,56,0x4b1aa2455e11b639e3f0e59e0f95976f2f17fb28bcedabc239208c75bd1e0845,119,0x01a3b1def5181924a59e5a85c2d26300f2b2fc1b,0xc3c51c071e5f1eca09575ac35e90956ae3b27311,0,46763,24830633170,0,1,0x095ea7b3000000000000000000000000000000000022d473030f116ddee9f6b43ac78ba3000000000000000000000000000000000000000000000000000027c9a942e41a,,10135097,46763,5924183,0x095ea7b3,"approve(address _spender, uint256 _value)"
17612756,1688378999,0xc07eee7b2bd4e27c5ae6df62d2f52bb79ac39a727611e3a7701e9a99bb4fbde9,238,0x75031424050b270ad5d9f965d511c05e10238d94696f657601adc9202d773216,75,0xea4c46dcbd4abc7ad5bd64ea57e958426c8c79ba,0xc3c51c071e5f1eca09575ac35e90956ae3b27311,0,51835,21025807938,0,1,0x095ea7b3000000000000000000000000d65ae56b4f71691d9c24fd000a30d73f2a3b66d2ffffffffffffffffffffffffffffffffffffffffffffffffffffffffffffffff,,6805556,47123,5924165,0x095ea7b3,"approve(address _spender, uint256 _value)"
17612860,1688380259,0x1fff577a40769bcc3f93a5224d5eb2e1d13e7c7bc3decda025558d99f8a99263,32,0x817977eed81f0165852dbdb5aafc07bd6edd63d0642eb28c410db5a9de138349,106,0x87f60e577a4b5ee6a2f3156cbc8261d103600177,0xc3c51c071e5f1eca09575ac35e90956ae3b27311,0,73074,16812204520,0,1,0xfa89401a00000000000000000000000087f60e577a4b5ee6a2f3156cbc8261d103600177,,11328591,48716,5924061,0xfa89401a,refund(address recipient)
17612864,1688380307,0x842643776d07c7759c50cfad1c1e4b93847efff5e3bb1fb039cfc8e9d5e5374d,33,0x3e04b4d8f9f8cbdbc21173c6f0d0da8aa75bc09f372a85aa9a5545266f9ab96b,94,0x87f60e577a4b5ee6a2f3156cbc8261d103600177,0xc3c51c071e5f1eca09575ac35e90956ae3b27311,0,46823,18097512874,0,1,0x095ea7b3000000000000000000000000000000000022d473030f116ddee9f6b43ac78ba300000000000000000000000000000000009638f818df5c90ed21627800000000,,11429716,46823,5924057,0x095ea7b3,"approve(address _spender, uint256 _value)"
17612871,1688380391,0x7a1b75225bd8703f32f9bafa15b9f7e12205057ff7b0b3f29e536f34b52b4913,4,0xdeb3b8dea0de33353447d8ab61a51fdc13877d3ecc42f486ea397ffc19f37786,114,0xb30a7d1c88ea8301988c6394e7dd157fc92893d3,0xc3c51c071e5f1eca09575ac35e90956ae3b27311,0,29663,18117516831,0,1,0x095ea7b3000000000000000000000000000000000022d473030f116ddee9f6b43ac78ba3000000000000000000000000000000000000000000000000000067f9ab0c34d1,,9770534,29663,5924050,0x095ea7b3,"approve(address _spender, uint256 _value)"
17613228,1688384699,0xfc8c2de3defbc21a414c89e8bd72fcd91da7529a338ca7fe733747c1f1ccbb43,25,0x71c3b84cd40e49611bf30d045f576f04e7c61cf1dfe45eeb7bc5390406c3f08e,140,0xd8ef3133a0fca9b5f99cf61934d6b5cc78d6c338,0xc3c51c071e5f1eca09575ac35e90956ae3b27311,0,46763,14409483948,0,1,0x095ea7b3000000000000000000000000000000000022d473030f116ddee9f6b43ac78ba300000000000000000000000000000000000000000000000000000d0891e53569,,12360883,46763,5923693,0x095ea7b3,"approve(address _spender, uint256 _value)"
17616574,1688425319,0x3c6a0cbf907fc3ca8d9045a2ef58c45590d4239979827da51bfa972f383fd545,3,0xae82cb7491db4e9bf76487516fb5ce9d30b5a2336d0a01fa6227de4939f4c8ec,34,0x5034735496d110b266b2baab06115215ae43d275,0xc3c51c071e5f1eca09575ac35e90956ae3b27311,0,56562,17667923061,0,1,0x095ea7b30000000000000000000000007a250d5630b4cf539739df2c5dacb4c659f2488dffffffffffffffffffffffffffffffffffffffffffffffffffffffffffffffff,,5018417,47135,5920347,0x095ea7b3,"approve(address _spender, uint256 _value)"
17621062,1688479811,0xfefbbb06edc99c2392e93383184851030e0dc5c0c7e5ce249b66be9f7344891c,35,0x6e5493acebbdadf0508f39c990aacad7b2b43849ec87022b62d0007a33fb55b6,39,0x3b9ee39b47ca87377bd7f424e6bb0ec708c78360,0xc3c51c071e5f1eca09575ac35e90956ae3b27311,0,56490,31048287172,0,1,0x095ea7b3000000000000000000000000000000000022d473030f116ddee9f6b43ac78ba3ffffffffffffffffffffffffffffffffffffffffffffffffffffffffffffffff,,5193425,47075,5915859,0x095ea7b3,"approve(address _spender, uint256 _value)"
21221603,1732017191,0x05ed304828773ad3f03d82efe53fd5022ef2147bcf7935b58da09b6fefb3c4b9,122,0x23182037c6c880dee4f71b724f54f723082cfa8583557b4446ef06be14c6fbf6,73,0x3b9ee39b47ca87377bd7f424e6bb0ec708c78360,0xc3c51c071e5f1eca09575ac35e90956ae3b27311,0,44671,12433280018,0,1,0x095ea7b3000000000000000000000000000000000022d473030f116ddee9f6b43ac78ba30000000000000000000000000000000000000000000000000000000000000000,,7441724,24791,2315318,0x095ea7b3,"approve(address _spender, uint256 _value)"
