,Index,Address,Contract
8449,788,0x57d4e4ea0a207074d7e45fe60c939d2f4d3ed06b,1
8450,789,0x57dcf20135b0cb9d167e8ebfe13b84bfd67645ed,0
8451,790,0x58049616f5cd4b2ccd3654d7015d271a985ff2e7,0
8452,791,0x581cc257051a34972641d008c3915a75771be274,1
8453,792,0x581ffaadeeb6d183a73d93413e137cb8c6057603,0
8454,793,0x584dab561e3c4ba02c74fb76e7c48a0a3b7d8097,0
8455,794,0x585f148c35a5f50829a29f6ecfaf02d83303c3b5,0
8456,795,0x58a166f9a6ff996e2349eea90d42cc198529a037,0
8457,796,0x58b62d0e9cf118c6eebe4ce7e9680a8ec533c094,0
8458,797,0x58dce1959623e1210fe465ca3afa3a05590cc4e7,0
8459,798,0x5917948da83aa6922b55dd689762bc22e555baf2,0
8460,799,0x5970d26c51397578c2b3420d20fbb2bcc5c5b00e,0
8461,800,0x5a27a79f5217cad7d95cefcce0ecd18a4c33df84et,1
8462,801,0x5a307bb9490bf4bb588a6bea77e1ab622e02678d,0
8463,802,0x5a3dee76449fe47158bf6b3b68c629c4ecd2554f,0
8464,803,0x5a504295ab80cca776afdc6db4f493e7c6fa8211,0
8465,804,0x5a733412e4fbb89e7ebb7efbbd1b79d5fda4f4cc,0
8466,805,0x5aa31cecf59b98ed7deed6a6fc3e3771c1b11aaa,0
8467,806,0x5ac8306d4c4ac8f95fab23aca0b3c41890b77eb6,0
8468,807,0x5b2b8b9c674e67f718bb54cc62c2a2e13308229c,0
8469,808,0x5b5039be7a3a8b779d21908f1000e221f3574fa5,0
8470,809,0x5b67a30108e1a5f3d5a809d57e76cd16fdfde7a7,0
8471,810,0x5b6d3d66e18dfd31ed9a753c406963c401f356c0,0
8472,811,0x5ba53eb789c7f017fe3cd8027fb01c5eeb81f697,1
8473,812,0x5bc989f38ec9b913b0fbd8b702858214d428a1bd,0
8474,813,0x5bea5bc53ecbbfc459cef95b5855c47748ba3986,0
8475,814,0x5bf2df6ebcf90665d513c761ce5e516d99ae748a,0
8476,815,0x5c0133dc7e8811b3faddd1016d0800dbf5bec2d8,0
8477,816,0x5c0ea45d4d78d062667f9ea17534306e409acf0a,0
8478,817,0x5c2f45f806683785e59d4b41547e3729b681d806,0
8479,818,0x5c5452d1a4fb7175812de3b4a4f1c34d5bc5a261,0
8480,819,0x5c9b3fa74e0700a3cbffd168c7342799a163ba53,0
8481,820,0x5caa556d0b8fa8622b1746bcc1211429737dcafc,0
8482,821,0x5cc42d5a4ec44d3df88f1bef5413f02900a500af,0
8483,822,0x5cf03f522dcbe4efeed2462759da179b50230969,0
8484,823,0x5d0dbbf6460ba020a5ab06006ea447ffc7612b2d,0
8485,824,0x5d0dd8e7585201ab1bc36fcec3922cc4ff6cef64,0
8486,825,0x5d1bcbde56db05bead0ff7c87c9dc85baf98ab32,0
8487,826,0x5d3f32f4b2e99fb79d2f6a1cbf3aa7390f8fc751,0
8488,827,0x5d445ce69ff9d8096d57444906c193f0ee577bf2,0
8489,828,0x5d82db63cf0c54d47006d416bdc7dab09ea2f3f1,0
8490,829,0x5d840db230c397acc22ab28053d1a1ff7f14583e,0
8491,830,0x5ddd20ac4bacff3f148af4c8c24194a1c102cfe5,0
8492,831,0x5de81caefee2f158964a65f0e19bd5e5ee94602a,0
8493,832,0x5dfae1c25ec5232f1d725d5265ceddd7102be5b4,0
8494,833,0x5e0f56a3e977318b69303c12369b2a797dfa2b0b,0
8495,834,0x5e1a96f0f4965edff7374c327e14241bd129301d,0
8496,835,0x5e1f89284b8283edcd082901b78c7589f39d5b51,0
8497,836,0x5e3ec117baf30044a1b08267208a130e7d69704e,0
8498,837,0x5e4c8039f115ab9b1ceb6d5d123a094e47d80c98,0
8499,838,0x5e5d6f6706420f932d796c0f28a83b26dabcfd8d,1
8500,839,0x5e6dcab4f8edbfc1537b804803d831e5f42d8f3b,1
8501,840,0x5ed7559181f082ee4b70f3d20c7b2af769a83d18,0
8502,841,0x5ef4ec670246af663f64aff354a30ca54b43dafd,0
8503,842,0x5efb7d2ab258b18c8166b0c74fc4117716e52515,0
8504,843,0x5f38dcbc5a2dbe1e040a60153750feb7e1cfa570,0
8505,844,0x5f58fe612db5b3e97faf4a2e8f38b4ae295288aa,0
8506,845,0x5f621e6a89b8fcc0de41745bf1fbfdee6ebcc56f,0
8507,846,0x5f6ab160206bc6a5d663ca5d0f237d82c572272b,1
8508,847,0x5fe584cb2d2a937c4abbd0cad57841cc8db97df1,0
8509,848,0x602026bd56bf9ca9d86926669e4353035aca2a88,0
8510,849,0x603ab01878daea6fa97bc7a02a6a4e6d6f52205c,0
8511,850,0x604cac9ce467021908814f5a36a006e236ae10a2,0
8512,851,0x606188614094946e0fcd05a0c94d51ff586fb01b,0
8513,852,0x6067a95e7bb071a5b73741628a0a5cb5cc164203,0
8514,853,0x607c78aeaabadb84adc3298fb3077fc75429e8bd,0
8515,854,0x60931fbd64b2a4418b24c5ef8bc33f93f6fafa4e,0
8516,855,0x60c9c2de546be5fa9f5f1a05d174376d9bb7ad48,0
8517,856,0x60e4ec00cc96b57792f89ad05eaaa7dca643800b,0
8518,857,0x60e6a89060b325148fe247e9e1c0d090e2764ec2,0
8519,858,0x6122ee683dbee50fd432fe5bdd8ac055aa3d42b1,0
8520,859,0x6128c3095e2b0a64ce64e10f05b60d5029e5f8ec,0
8521,860,0x613f306c111ba759e4ac11165e70d2a68aaf4f2a,0
8522,861,0x619b947996557dbb4b3ca878247e8514fa3e7b30,0
8523,862,0x619f18aec5f8eef483fbfe654a269f1186dda915,0
8524,863,0x61cbef9db89e5d397bdde7ff9095bede35d4eeb5,0
8525,864,0x61cf3335eef3bd86ae617cd2ea248494da8b83ca,0
8526,865,0x620085d9c1157bb56a9c1afd0ede1e79a42b9549,0
8527,866,0x62404bfb3e1c464f17e3af0c139e39d0703ae4a1,0
8528,867,0x629b2aa7fdda8f7527d6f8ea742c1d5774e567ea,0
8529,868,0x62c71581708dd73b10e7aa2249778aee016ebf0e,0
8530,869,0x62e8aaffb7568cec94b0e15e7b4d859302d65ee9,0
8531,870,0x62ee4a3c690c9660762c52bf1a232365c86c879b,0
8532,871,0x633a5b3a807b7532d308ea7b44bb32732aa14a72,0
8533,872,0x634cdd7ebeccccf517cd8f4eca959474bc1b58cc,0
8534,873,0x63517fe71fcb339767aa6abd14ca10341dcf267d,0
8535,874,0x6353940eabe11c7cd78ecc2085ae65cdacc5a92b,0
8536,875,0x636e5292882e2342aaf82d651322aea09a3e5392,0
8537,876,0x6372fe3cd2244286e727027426479181c91e33b3,0
8538,877,0x637336064f49074587a15cfd785d17ed02aebf25,0
8539,878,0x63cfa80bbbee233a4257857dcdc9d78cbc8efe37,0
8540,879,0x63ebbfc7530b49d8856bf14cbe78da584e8d0b2a,0
8541,880,0x63f32b8ec6e4dea892149834a7b8d7c9e67b4a0a,0
8542,881,0x64187c01fbac6f26bc8bf6fd6d683cb9a58d1737,0
8543,882,0x6429f18602cfbe936a75d4bb707cdc15f33bb3fa,0
8544,883,0x6442dc8bcb92fcd556c78d91f551cdaad62654f4,0
8545,884,0x645125230e924d2db84be4cabf946c87d5be8935,0
8546,885,0x6488b63be2fc20c1f25983a53c447f6530351971,0
8547,886,0x64aaf2fd9910e9ad85dbbb695664ff8812664e10,0
8548,887,0x64b212d2fe54db498df6099e5a9afa8298068f89,0
8549,888,0x64c5971dd27ff063ee4bc5e4c231febd9fc228cd,0
8550,889,0x64c940690a3660e68d93d8c6412d900bdd3e11e5,0
8551,890,0x64ebd0467304e04f96520ab73c6e07d40ad25970,0
8552,891,0x64f3502c4b6b7e7f106e7ab1f175a4e2c2fde45f,0
8553,892,0x6506827d91659e871fc7267160ba1c3407195270,0
8554,893,0x65403aa21fbe76cc8edcd42ecdd0c6cc5c972f73,0
8555,894,0x65440e4ce8a9a596a20ec8f910dfc8b1a20c5f7a,1
8556,895,0x65af8c81291fb60a20235d9e4de80851f8f845d2,1
8557,896,0x65f6c0e45758526982fa5f63ac877384ea5a91bd,0
8558,897,0x660d30d1fbafdc88a1951370cbe2b3094dbf224b,0
8559,898,0x6642cec9d02e4e669103a3ed4f3505f437b8fe73,1
8560,899,0x6668bd45b15e2775f03e738ef6257637a9745287,0
8561,900,0x6678bb2a94097f5046ff179a9dcec5be0985745b,1
8562,901,0x66817272d39da7fd4c552f430fc0b694e357c157,0
8563,902,0x66e88b42922916d01b9aec71dd334d7fa5fb526d,1
8564,903,0x6721b09f4fb6fe69a14add6d1f2c1b94562e7801,0
8565,904,0x679a8cf6e181ebbcd9d14d0bd9595d8cfb79ecdf,0
8566,905,0x679c34c26e7841b9fc0ce0ff40579219ee3a1ed6,0
8567,906,0x67dfa651e7aba5ef524920d2d69302ca204be633,0
8568,907,0x67fdeda858e1160ba88dda9b9626035c65dc7607,0
8569,908,0x680f7bea6eba9adcd0f47a0de630cfa8f95bf0ba,0
8570,909,0x681a36b6f411d10d78fe8446118a4ddae489e8b1,0
8571,910,0x6834d3096793d0731348f1581ae1b20c9b79e26a,0
8572,911,0x68412063a56225ae349296a1db47788ccef4597c,0
8573,912,0x684ede6645f1b71d77e0aeac519114ee8be3c410,0
8574,913,0x685445fe51b31790538890a6468851afbf7a0519,0
8575,914,0x687ae5cc3978bc07db0b7f4d76fbade966cf4ba8,0
8576,915,0x688e8d92fcff37b37f0b3910120f0ce906f12483,0
8577,916,0x6891f04e4eda5bb6c465132993bd6a5d4f1b0d0b,0
8578,917,0x68a91eba9c82b475091077e16357bb2dded479f4,0
8579,918,0x68aacf41fa22ecd5ca0bb102da46b0f503e2e168,0
8580,919,0x68b0e0db7918c0211ea1fb78292a879839137dd0,0
8581,920,0x68d41d0c11bf5536d6d8c186ccfaf3de1a022d67,1
8582,921,0x68df455d595ce83498242856bf7b04c50696b21a,0
8583,922,0x68e2ef6244be67fe149c8309e1c5e978fa1a3cab,0
8584,923,0x68e45b998240d77fbe30be84bd8397a51f0ef962,0
8585,924,0x6931e6948702245964dd446333c3bebd989d5e76,0
8586,925,0x693d47204555361d4d51311f97102a1507559802,0
8587,926,0x69428858906050e78dbed8e65083d47139766b3f,0
8588,927,0x696b196da53963aaec15e486ae46b2939b589aac,0
8589,928,0x6973c24fadd0bcab33ee5cb325c8a70e81c67c20,1
8590,929,0x6997726e03707bf08032b8b6da935cae80524bca,0
8591,930,0x69f8e87518129498da751f26ea2309db05e7270b,0
8592,931,0x6a0e59af84f7a9afa5708b5e43c4845b17aedaac,0
8593,932,0x6a13e6d0251fba7b474cf4468aa157ee0c6a736c,0
8594,933,0x6a14e385fff2f21abe425a07ce29842b7037a80d,0
8595,934,0x6a164122d5cf7c840d26e829b46dcc4ed6c0ae48,0
8596,935,0x6a1dea6f4c9d48035d855e8399e20e254f0ce1ac,0
8597,936,0x6a1e30ec57dd27e9ad25eca7226bc023b5069f85,0
8598,937,0x6a60dc30ef7e29abbd5a92b7697270dbd2115c18,0
8599,938,0x6a9c2ec4f4888d7338fc1b28584aaafeb01e6db3,0
8600,939,0x6aa83b12973f3364bc7f17211cfd85c7586fb371,0
8601,940,0x6af114154a8850b1c54d48bd9103bdcdb420611b,0
8602,941,0x6b0a6c142905ce6c1db7276d8878a3e7846675d9,0
8603,942,0x6b4888b308d6013407190dfeefbb4c7dc2eaa61f,0
8604,943,0x6b67f7ad81e9eb49a580f366b9e0e518ebce14cf,0
8605,944,0x6bed8445ada86419243f95a5bb14bc599d62b295,0
8606,945,0x6c20ef21e604028c649247c581e8e49fda6191ca,0
8607,946,0x6c4f56b116e91f15e790508d4212906b75835b63,0
8608,947,0x6c712ae4986342773edc37a9ff7fa90b1b52ca6e,0
8609,948,0x6cca6dcd9843b74fd6118687ad14b572bcf99ee6,0
8610,949,0x6cf481c7090d88ca6f1fa3c9ffd0911ef5359808,0
8611,950,0x6cfdde4e08c9e2cf1b9a32d2c31203966b17f816,0
8612,951,0x6d08f8573e742db3eb88d8c545971e4dc9668528,0
8613,952,0x6d09d33c424932f59ce9aa777adf131fb3adbf3e,0
8614,953,0x6d0aef62e321cf1afb74a4a305f380d9f5c34c8a,0
8615,954,0x6d0b90ea2951ca5ad3abdb606e4146e9765f1ee4,0
8616,955,0x6d1ca9ee33f0806bd37a8ac4c418a0ecb0c9f086,0
8617,956,0x6d64486a5c99139b53239297e0b653d196d05777,0
8618,957,0x6d8a1bc0ae09ae5cfd4a7a2a59194598734ceea5,0
8619,958,0x6daa1acae526e48f888a2e0c40b4b3baceda1d07,0
8620,959,0x6dcbe06db7d7e56941c92b5cd9ea8dad65d4417c,0
8621,960,0x6dd3262c18cd5a0f03dd8f2c0db5b19b8fb92c85,0
8622,961,0x6ddfef85ecf643628254e5af7064e05b3c6b221e,0
8623,962,0x6de5f0c142daf2eab3c0d3751f3be6af5f359795,0
8624,963,0x6e3e57e536aab05950774945d9cdbf506865c52f,0
8625,964,0x6ec56fb2436ba6706cecd42403b6a1b69ff0817f,0
8626,965,0x6ecce18c9c35167e174033d9f9f6e4b356cd2b45,0
8627,966,0x6f0041b3906048528a6760a1bc9627a201a83e38,0
8628,967,0x6f431a1b6c368cd3abb7bacdcf0625d6749f1980,0
8629,968,0x6fc7bd37879f85815e0d34e520ff502167a4e49c,0
8630,969,0x6fcf42fcd9c6a54b64d1b52083700142952a2805,0
8631,970,0x701cb175e6ca0ee8dcb61b4598b5a08e2a60bc2a,0
8632,971,0x702d965332e3082dc976c3b4013cfe0e2c540bcb,1
8633,972,0x703f0116bf2ef4c80efac751a319f097fd2dfe6c,1
8634,973,0x705f704d11020ff07acde8592bb80b044e15de16,0
8635,974,0x7069bb601755f69c81560192ecc2a62fed1c20b5,0
8636,975,0x7083c1bb9a6d9c73cb9b3c200e992e43ff103462,0
8637,976,0x7098c7113c2ecaf48baad07e598c74c2689a5795,0
8638,977,0x70a1d170d055d0b5edda1056747119550cfc40cc,0
8639,978,0x70ba69fcb5720ba8d573b78f641eecb775c0e5a9,0
8640,979,0x70e02b0509d67ade18914729d3905994585a5087,0
8641,980,0x70f36e78224389c462dd0fc7fe1627a2928031c7,0
8642,981,0x710b1d822e0e5b9d55f123598f383667502c3a51,0
8643,982,0x71108be9c232722dd6839a6fbad171cf44d3ffaf,0
8644,983,0x713a6f26525b24581cbe20679811af8680abdddd,0
8645,984,0x71486336caed5fa8e37ff8b31b9d67d08fbdc262,0
8646,985,0x717d2041c516573a0e27f552cdb6c5c3ec7b4e09,0
8647,986,0x718ee443ffdf50b30a5e8226d4ff71e605c5ca7c,0
8648,987,0x71b7767a9464ea1ad82db434f06d9330d34a9fe5,0
8649,988,0x71c4409d6c37d0c15027ab6108380012bb5ee6a5,0
8650,989,0x71f2a8318b728f39483237f99c347b743cc4fb47,0
8651,990,0x72696ce345abb71398384e42cfbf6c9a995246c0,0
8652,991,0x72a66bba491f0c696c4c4e3154d07b241d371944,0
8653,992,0x72a8bf69f282c2eb752d48b7778c0f0b6eaeabac,0
8654,993,0x72b59c7ff61130f4923e2da6af27d562dd64191c,0
8655,994,0x731dcf009e769453336b53380af55985da6d1127,0
8656,995,0x73328f4f21693c22ffb2009125f6e4906af76af8,0
8657,996,0x738a4daae8d4a640172fac4f45b41707bd2197be,0
8658,997,0x73baf168d9f5fee3d845f33b3567fe916f730838,0
8659,998,0x73bb594368ddb778972c6f30b41437c897419c37,1
8660,999,0x73c9b03b1dadea685f34b17ddafbc11bd6327b6d,0
8661,1000,0x73d6b01f55e81a48155b0174c1f1386f8a6fe0c4,0
8662,1001,0x73f7b2257c688677ff9cc7bdd2d05e5076e0ae42,0
8663,1002,0x74104e8c7f546c7398d198f6678310ce9d1b8814,0
8664,1003,0x7448df6e1031d10e237b1481930a074b13faabd2,0
8665,1004,0x74a01390635d8d4016827fa3afb1a0f6c33ed8d8,0
8666,1005,0x74c38bf0c506eb5ee22cdd8827c109b0c91e0d77,0
8667,1006,0x74dde07c099e4f017e95e30d0235ada70c7f126f,0
8668,1007,0x74f59fd3fb42295a05975456a6cdff4e71174cd5,0
8669,1008,0x74fad851228f905a8f0e46d52259bd593d63c7cb,0
8670,1009,0x7513c584e280fd9f5f3a38f83fba342ce70ffd79,0
8671,1010,0x751d37b94dca1ba7a5f5b46e4fb33ecf27f3bdfc,0
8672,1011,0x752ee8ea6a120c61b71608c80ab154475c9df43b,0
8673,1012,0x754a7657092fd2862338ff06ce02cfc389d49e21,0
8674,1013,0x754fb6a142ed0043937b676a067f2e367db52fa6,0
8675,1014,0x75b60ba032cf8ee0b4bbd78bfbd7d99caf70a176,0
8676,1015,0x75dbe6e21e38a05a82ad64281a9e28a627619273,0
8677,1016,0x760a412a14f2fe03c0873b473febdf79db288fce,0
8678,1017,0x7613a475b7fe61775f579bc148300c8171eccae9,0
8679,1018,0x76256547a138343164fe4a37ffb7b2bed27924f9,0
8680,1019,0x76524f023c42cb4018d24b8097959b2ecf8fa8ea,0
8681,1020,0x76bb5b6177096b337c79f2f948aa08b0db5f5211,0
8682,1021,0x76c88cd1ec2442c4f929b0f87280be006d7ba725,0
8683,1022,0x774148e22f021972bfe082e1548e5d9dc6e1d76e,0
8684,1023,0x777c6ad16b303639489a38b369e423aa2c491884,0
8685,1024,0x77849c0b55e6b65336c913b850fd5d92b42f68ce,0
8686,1025,0x77c89a9987017fd0af1c7d057ffb9e9fa254aa4b,0
8687,1026,0x77c955a2cb5bccaf0654d78a3ffcd8bd6cb0c2b8,0
8688,1027,0x77d15104c41def5dad6d5423206bf04621d9d9c1,0
8689,1028,0x7822b7b190604eaeb4dcaabd2dd5e1daafcb9d46,0
8690,1029,0x784205acd9423a2044d09e41642a71e087162861,0
8691,1030,0x784790ffba7136cfb2dd8f6671dd7626a6c5f3e4,0
8692,1031,0x785a751b2e36b2b0fdb80100b7ca14889a768a22,0
8693,1032,0x7862f3ec65e013bfc42f6905c0e373b5b2c65c51,0
8694,1033,0x787e8f0e406cb71a22fd2023316f231d0311b14f,0
8695,1034,0x788431a9fed9fae11871353cd6e92f3b724e7d63,1
8696,1035,0x78c544eede78eb781707a1d46377bf6be9d028df,0
8697,1036,0x7908e104ae43e5e6bac2d3fdaae3ccdf07ed8b8c,0
8698,1037,0x794328caef716a6abc9a4f426a5aa516a4d1a1a4,0
8699,1038,0x794cd1329493dc9c6ceb0ec9955890d392c811da,0
8700,1039,0x795418a1c8b00c7bf70f32a5e67d2a54b60db860,0
8701,1040,0x797ab7505608a943a4f00e275ad6f2a514b8e038,0
8702,1041,0x798fb97bda4db2bdb5f75553f5a1ba73a5edcf30,0
8703,1042,0x79a9e902cfbe87fa5065905293992c15de7f6095,0
8704,1043,0x79aa79116c24a715b5eb1287af8a16201450c895,0
8705,1044,0x79b01b6f2f312c5391e1d9b8fe80f5a991361482,0
8706,1045,0x79b570f107f07589244c76ad8fd9a7cca0fb80ef,0
8707,1046,0x7a16a0fd441a7591f2456c3cda068e33c6bbaa96,0
8708,1047,0x7a18cfc4a36e48163034e51a9ed19d4bdea05f6f,1
8709,1048,0x7a2934bf040706ce585e547fab846dd79057956d,0
8710,1049,0x7aa266963882f13eb0ab5920e16afef2f26cda8f,0
8711,1050,0x7aca311f96b05b944511cde7891702784e2a50ae,0
8712,1051,0x7b16e9f14cb9fd74bf254c620996c7f4750ab1b4,0
8713,1052,0x7b31c59e00393f56fea6884bb24166b24b99c62a,0
8714,1053,0x7b3a132ad35b6138f2dd148bfac2e790e4869723,1
8715,1054,0x7b433d46e875fe540b1ea2d3011113f1b400d3d5,0
8716,1055,0x7b66563dd534c3e66fee08c995da9d5e77c883f9,0
8717,1056,0x7b6e99ba5304edeed50c0ab2001740c39b4022ad,0
8718,1057,0x7b904df207858b9a4fcd0d9538ef633bed316287,0
8719,1058,0x7ba85e2e55c7598378fe927ad2aef2dac6c45218,0
8720,1059,0x7bb386c33486fe345168d0af94bef03897e16022,0
8721,1060,0x7bbcee71e2283c445bdb076bb7fa187726a45d53,0
8722,1061,0x7bc060459dd2730d912b654ec98cacdee2b6927d,0
8723,1062,0x7c14369f68d7812c105a597beb13ff8da64520c5,0
8724,1063,0x7c203685291149d5dad4308781f42a6b945df4e1,0
8725,1064,0x7c57981af4cee87567774b53f9da1bfceb8b944b,0
8726,1065,0x7c8545ca937767362e5cc348616ffe9061ebb78f,0
8727,1066,0x7c875ee4d4a1b29b41ebb2678df1f645f28d090b,0
8728,1067,0x7c9001c50ea57c1b2ec1e3e63cf04c297534bfc1,0
8729,1068,0x7c99f9cc14994f4b0d2e8cdcfda4811bbfb69a57,0
8730,1069,0x7cb16e15f66b8dca14385409f44336a9f679632c,0
8731,1070,0x7cbc4e0d168744912c5afc081499145bbdc51e69,0
8732,1071,0x7cd912f8df67b1e56e7aa82a66f4a518c76c0108,0
8733,1072,0x7d067a450b17a2936cc27c44e5499359d9940155,0
8734,1073,0x7d5f788097e80d797064fde23a62caf8d18ee5a6,0
8735,1074,0x7d69d57b025aa1e5029194582eb85608db84cfb5,0
8736,1075,0x7d73f38770997f30bb6dfa2b8da184f2cfeba6c6,0
8737,1076,0x7d7f49f628e88413eb736bf059410bbdfecadcd5,0
8738,1077,0x7d922a4f7f24ffcb130c4eeaf291a6475e3e4dd2,0
8739,1078,0x7da6955457b72fdd0e80709d704520ff85d79e39,0
8740,1079,0x7db9656fc8435f765df5748e32bf329098ffb5fb,0
8741,1080,0x7dc66f5b59b34df403b96fec7e749703c157ebf8,0
8742,1081,0x7dcfd020ad161fbd4c45894ab352582018ea9197,0
8743,1082,0x7debe420a36349fb8014c181c9a7e835e83efb23,0
8744,1083,0x7e160f5cf87e44cbe6b1337bb883f453445391de,1
8745,1084,0x7e1ed8b2c8ee37b4afa078b31c7bcba9fb0efa5a,0
8746,1085,0x7e3d7d8e31b3f472fcd3c1552a9f009131c50c6c,0
8747,1086,0x7e8ba7b52ae83be8885a613c2b249db4a2d0d06c,0
8748,1087,0x7ea4270d456bc7b3e1c72f8a21a88a90c3d60147,0
8749,1088,0x7eb28833082eb28fd423ab30df20afde98c47dbf,0
8750,1089,0x7eb3ff57dcbcdd5ed7c125ef3468f94b4c1eb716,0
8751,1090,0x7ed44f8b304cd71664cbe8c94614660859fca2c6,0
8752,1091,0x7f151165f7cd0d7417e4b5233b90cf721c34aa2f,0
8753,1092,0x7f2b4801c338a7b3cc322bfaf151afea8708e8e0,0
8754,1093,0x7f5d2fe39cd0c9924283cd5e92377a4894e3313a,0
8755,1094,0x7f7be29bd339a38face53918dc8cdbf6a06bc7e7,0
8756,1095,0x7f7e6ef413e87da0651a4acb7a96b35c4e90de16,0
8757,1096,0x7f83403bad5dfd150c10722977274a4a2bf05870,0
8758,1097,0x7f85d875eaf39525004e8ac2bc1e83786d7dfd77,0
8759,1098,0x7fac3c1e7e32cb490a96761fdcf80ed4a9941e62,0
8760,1099,0x7fbf068316c5806a62d549441ae82b00fdb10de1,0
8761,1100,0x7fc94073a3adf4553d59d09e0b0808bb9d408735,0
8762,1101,0x7fdfaa3154d3cb82e90f5fde8c52a95d66211705,0
8763,1102,0x7fe5f97dd063f39386207bcc27b5581b3ef2e600,0
8764,1103,0x801d03f4d053242afbc2949c141bab4270ca6707,0
8765,1104,0x8042980dbae8dde334b16df3870014c7bbd62ed6,0
8766,1105,0x804a67880f461c2ba4b927a10e99e371962b0f3f,0
8767,1106,0x806466179736c54b62dc6e9f844f02b8d67a49e7,0
8768,1107,0x80b81748dd5c55baaa87731aa469ec17e33dac9a,0
8769,1108,0x80e02ae8c5d5e482558caf32004e7d6281445f28,0
8770,1109,0x80f43e67169c917c68391f823fcff41b9b786d69,0
8771,1110,0x81053c561fd1e5305d05c651fcc2ae7c4ae2cde6,0
8772,1111,0x8105ed8a3be363e32c91a0904cd59e0f843d7123,1
8773,1112,0x813ca840322e3795702300bb3ebaf7aee9af9536,0
8774,1113,0x8196fa469bd2f8105bae01702c4b84b04cdf4a2c,0
8775,1114,0x81c01024deaad32b015707f6f3ac948e88463204,0
8776,1115,0x81e4b65b9330c5693d38430111d7eb174615bdd6,0
8777,1116,0x81e7eae5baa0979398ba5c4b09cafcb8c690062b,0
8778,1117,0x8202b590eca4662446102b3a97e3536aac8ab941,0
8779,1118,0x820c415a17bf165a174e6b55232d956202d9470f,0
8780,1119,0x821006cd8ad55c74936d277217ecea6863231e48,0
8781,1120,0x821efcb121b9c646dc8d5fb61e9c8ee9c30ba9e4,0
8782,1121,0x82334551e71b48387a122ebb256b188bf5868f44,1
8783,1122,0x8255f34903440ff046169b12ea848ce6f083a631,0
8784,1123,0x82603fec3241b319ac1a0470f2c08bd90461a355,0
8785,1124,0x827216bd50d13b3e1dac8686e85f8b6b1bf2e856,0
8786,1125,0x82eb193d2fad35d9c401e7318f82861c6924bfff,0
8787,1126,0x831ee6baf32c7f558d90dd8f16a45e2928c23131,0
8788,1127,0x8324676c7cd3a99391d1d69ce3d8a7c2b51c1f59,0
8789,1128,0x832ad88f1e81d46f9d80298597c80b577b6d4736,0
8790,1129,0x8335392fe1b236296c5d5f653264396de165e46c,0
8791,1130,0x8369f6723c4792b41d4af4190662269431ee5b0b,0
8792,1131,0x8374aa52bf36eabca06e33c4163a081f53e39aa3,0
8793,1132,0x837d87448df3e3cfbe1d613287e2c16d6e8a811c,0
8794,1133,0x83885fc61837b4a9e0960be80da2f2bc581ecbc6,0
8795,1134,0x83940770976605dda722a620dd9d91825c8d65dc,0
8796,1135,0x839baaca91cbcf6c1632c55e1ae031c6b270df19,0
8797,1136,0x839db3994bef8842c0809ab84996ba839fcac11e,0
8798,1137,0x83d7cb758c30d067e99e9f52f9e4f987101ab888,0
8799,1138,0x83e99aec309c14e117097044e5efcc3672bcd450,0
8800,1139,0x83ec306df6bee5320cf6a57a52ff732791c65b47,0
8801,1140,0x8408263f4f0691db34bd7666b5af61e19cb91b91,0
8802,1141,0x8444173280e5fdc0525494638123b014cffcc521,0
8803,1142,0x84a8e201cfce8a10b1e721e1940a78a3326b7c97,0
8804,1143,0x85234c92d4dddf239df9c76497a6516fdf546577,0
8805,1144,0x854b62b692ac8411c3a45463c44cbdabac2d6913,0
8806,1145,0x85704b506e10b10d714ead28cde947baa58f0ea4,0
8807,1146,0x8583ee650c6566503d1d9dd3fae76498e7e4ccaa,0
8808,1147,0x858457daa7e087ad74cdeeceab8419079bc2ca03,0
8809,1148,0x85d642eafb5f15ef54852b57302040ab066ff2c4,0
8810,1149,0x85e150d832942b10383b6d83211224c1ef37fad8,0
8811,1150,0x860b62006ea05a05c7638d16a106858450bde336,0
8812,1151,0x860f3b648111294346897c6a8309ffbf22265526,0
8813,1152,0x8645ec394f7af95316639dce6f99c01476b0d888,0
8814,1153,0x8676f2dfd06ec780ea3f8fba65a29110a56dd830,1
8815,1154,0x86a120236c1f595ea53a93736b2e397c27af802e,0
8816,1155,0x86d38dbde80fe6a947565967f41cf958cc271548,0
8817,1156,0x86d5f3aa7bf4060a3f18832fc3faa3569483cc62,0
8818,1157,0x86ddf5b305b9081fb5208e903edeb013510997cd,0
8819,1158,0x86e00684ea92cb87f40d74c5ebde97ef9a17753e,0
8820,1159,0x86fe2696bfbfac26e78aa9020c87f1414879eddf,0
8821,1160,0x870691b57198f065530e90f8e98c70d0bd545e3e,0
8822,1161,0x870c34e732a43e43e6a58dcbf14f4d9b823d4ca5,0
8823,1162,0x8715e3e9cbe013bf54de58431a078a650b2ece1a,0
8824,1163,0x8727df1be276966a408f63089b6d9dbeea66de09,0
8825,1164,0x8729abb00a517bba3d615ed13e7c9c55ab311d41,0
8826,1165,0x87318b9b7eed24f69907d53eb7727c0a590f3588,0
8827,1166,0x873a35f651892aee1d9360be80ae904f7d76068f,0
8828,1167,0x8781ebb17371d0c530285433308c02b81b895dae,0
8829,1168,0x878cce43a3b9d8a872a33d2d6ccd561e033707f4,0
8830,1169,0x879a8eea3ea7811fbe7867a8984836d12dc1f9f4,0
8831,1170,0x87b4eed5a781d8b847645082410070f002b41e13,0
8832,1171,0x87c348573f02768a97afb57aac3bb6877a353ae9,0
8833,1172,0x87e7ee3cd0c38e49060f3f092f689a094b692039,0
8834,1173,0x87eed16b97b08fd92491c66d28226b33eb4f2c8d,0
8835,1174,0x87f304f9f630cd33dd446ff5ae969b7f50fafd95,0
8836,1175,0x87f655e887827ed11eb3fbc74767b18e142ccced,0
8837,1176,0x8802e91f3e66a3d81519144100760b222fbd3e05,0
8838,1177,0x882f33f162ab64d427182087dd4916c537de8582,0
8839,1178,0x883d723b3f4a12edd577a47f80df9f2896cd3ce7,0
8840,1179,0x88436c2a2f427f2aa641dfd8c6763facf2bad7bf,0
8841,1180,0x8858297c69ed011c48feaa96f0c89349ef389b67,0
8842,1181,0x88620c720523c822adcdc1d5484915fcd85baf73,0
8843,1182,0x88698a2ff09506596a88a1af9d103a420ba46a3e,0
8844,1183,0x886af3f44f4cbc38819ace2c82442c1905c0d22c,0
8845,1184,0x88997942776a5de1f1a89d86a46bff0c9f8edb01,0
8846,1185,0x88bdeb65ed500794118d0e5fdf5808d23bb74e73,0
8847,1186,0x88be7ad530cba44949817ce40db87a6d25b44fde,0
8848,1187,0x88c2a596eb0bc49b237baea9f2deb41c3125c4cf,0
8849,1188,0x88eb517c3ce20591aae29e42cc7d4012c8068228,0
8850,1189,0x88f8717a2b30041006e08e286af9f1e9671b5724,0
8851,1190,0x89271335db9d0024f725ab23415678cdea3eb368,0
8852,1191,0x893676c4a94f6ecdc33a18438bbdcfe9e6c68a9a,0
8853,1192,0x8967f58f726bc35aa10223961feea6055a48aae5,0
8854,1193,0x897757cba67eadb66d40e45c6748e27d0e67b52a,0
8855,1194,0x89c0e39f3b3be95c238912788687dbaebe7e6a2b,0
8856,1195,0x89c98cc6d9917b615257e5704e83906402f0f91f,0
8857,1196,0x89e5124b5162a0ceec512e8ba97cd5e6f065fd13,0
8858,1197,0x89f4d39667aa080502c517b613a6c92786aa14bd,0
8859,1198,0x8a04b6a0223af79e4acc0a55c7b166fe0794269a,0
8860,1199,0x8a0e85901849b40a7f80399a00f7115193c0bdb2,1
8861,1200,0x8a46aa04725b2e2029bdcb924d671fd6a9c11dab,0
8862,1201,0x8a65c8565504a2bde31f9c09125f5b9d53b2b07e,0
8863,1202,0x8a6762e718beb7e6af9ab3868320c3c5137adc6c,0
8864,1203,0x8a6fcf189437928a6a07f6899b675d11f3d3f778,0
8865,1204,0x8a82571f81d1af061dd995fd972930514898c103,0
8866,1205,0x8a8869a8b53573294b0e03820253607d5528679d,0
8867,1206,0x8abe0a9b8a1c8a003354e61f3ed8befdeb7d2cec,1
8868,1207,0x8ac2d87f4308b0718aa9345b409277e01282fe03,0
8869,1208,0x8af1380c436fc019b8055c61d09e3ee5f182278c,0
8870,1209,0x8b0987e0bccb30a53c5294ad73a80ed776457c4b,0
8871,1210,0x8b0e77fe177d555408339e26921be7d76d398d8a,0
8872,1211,0x8b1b4f3a25444005ecd37f7b0c12bc5078c13443,0
8873,1212,0x8b3b831d767fad1ab0ad52a38777acb98630f8a7,0
8874,1213,0x8b6e20440a46881713f8f9da764b4094781e0f12,0
8875,1214,0x8bb8a410e770a693c169a6b2b5286297d9eccbed,0
8876,1215,0x8bcb21d162af74718c583e249ab112b9e6ad5267,0
8877,1216,0x8bda591ac93925f485cd420a47a48eba87985ea0,0
8878,1217,0x8bfe1c609cdf6e7e43c5cd8910bd566a2c142688,0
8879,1218,0x8c155c3f4c79485dbb0eef5b4076fd426b3f8c65,0
8880,1219,0x8c34460976e89edde3e2898dc7f23b597d295103,0
8881,1220,0x8c38a4e5104a2925d9e23d5f269afd1c2e09b8f9,0
8882,1221,0x8c3b6f2dacc5a7ed7dcab43a53b8056aae6800b3,0
8883,1222,0x8c500bd17174e8604ff9ad3399bd13af245eef52,0
8884,1223,0x8c9d135ac2778e1a7d326932aad302e7c22c94d7,0
8885,1224,0x8c9d299cc3c2111499416cf4e3677328486cfac2,0
8886,1225,0x8ca61e380ebbebe412b5787a20b6ecdf2ab21997,0
8887,1226,0x8cae2a8734d781a8cec7e2f514da6f5072f7a6e0,0
8888,1227,0x8cbbbdff9326f356e270361b1c0469fed74f566c,0
8889,1228,0x8cf893f11f6037b14f0f827b9ed6aeef38931fb4,0
8890,1229,0x8d15adf29d440d56c5043943410cb65181f010eb,0
8891,1230,0x8d18b40c3b095f2d8ea99bf3a814c7182e2f8efd,0
8892,1231,0x8d305fd29aebd6e0562de9321d55e7f0e6fbacad,1
8893,1232,0x8d4426f94e42f721c7116e81d6688cd935cb3b4f,0
8894,1233,0x8d551f2a2d0908854e0e030564261c9ff2e8dd56,0
8895,1234,0x8d630073940fde8112c6a5295ba3e490ca992ee8,0
8896,1235,0x8d6be44e86edffbe294071a886ddfb4147831baa,0
8897,1236,0x8db2ec6cbe35062a3f30dcbf7f281604820490ee,0
8898,1237,0x8db82c361c101cac757d709200b23ffc8e69fad2,0
8899,1238,0x8dc2c980d25b586c5c110ec3c477e985b9acad8b,1
8900,1239,0x8dcdb7fc9f541825ba57fb47d5204317fc609590,0
8901,1240,0x8de51b248261c0e5736b412ef9faaaf619063b7a,0
8902,1241,0x8e3e1e3894cd4e79f46f80d4807b597876435978,0
8903,1242,0x8e3f2d9bbd1759e13ebd96d95cef2fe468009e6c,0
8904,1243,0x8e4a9f46499d34e2cd3c7068e492a67cb6049e67,0
8905,1244,0x8e6be4cc78557cf3087b15963bf7139b0154e0e0,0
8906,1245,0x8e85939d6c149a6d2a173b5425306797e6934075,0
8907,1246,0x8e8f4161c9c3d2d8857230a048df1fc6f4326948,0
8908,1247,0x8ee2ba41ef59b5773e5909451e0b8bad4e59a81b,0
8909,1248,0x8eead6a5776dce374257bf7d4500cfe3c1e362a6,0
8910,1249,0x8f0bca6b1b2b522082d46f3eec31340f113b029a,0
8911,1250,0x8f0e5ef93838ffb9bc2c5afb34c32f55ea97a932,0
8912,1251,0x8f46233dafd44b331753e53b8785b9d83fbba463,0
8913,1252,0x8f7534b39e75051f0c03c988239ac8d67d4c13a7,0
8914,1253,0x8f950b4e6edacb14dd3c3258943acd7a922d9f47,0
8915,1254,0x8f9f6aadaf78225b94a84ca9ca80328d0d6b21ea,0
8916,1255,0x902d0d5bb6a34307bbd1da33e61ae1654b6cbe1e,1
8917,1256,0x903dc47aa7c40f9f59ef1e5c167ce1a9b39a2bff,1
8918,1257,0x9044bca784ff17dd05bd157f47c9cecb2dbcffa5,0
8919,1258,0x905475cbca398e8fee6e35bcb2f530a3474b78ce,0
8920,1259,0x9068327ff0f5e99af7d1aefc5310e4560c32b84b,0
8921,1260,0x90fb8fff658e1bd24d274c1a1133c319e055703a,0
8922,1261,0x91442fd15202bd77d7e42e59a87bae18f7fc3ae3,0
8923,1262,0x91459992bcbf089851abffa033559c2eef120469,0
8924,1263,0x9145cb518fd02877fe8efa077c3ead95235fda22,0
8925,1264,0x915c95415d3449212fd0991ccf5eb42864118ec9,0
8926,1265,0x91619a3456fdbac90bd93f51f2917981f0ed3097,0
8927,1266,0x916d37534f95f30c35a60a58150f48c2d0ff4be2,0
8928,1267,0x91718fdc91ea6a5267fae873ea3d8f612ed5a3ba,0
8929,1268,0x91e35d6c5b7323647e0cc1d274a072ac5cbb4340,0
8930,1269,0x91e5abcc8f5e9a32a3407f71d6d63d28ca10756d,0
8931,1270,0x91ef0754d270e67f2ca92595f5a1c0459ec7df89,1
8932,1271,0x920adc9a060cda345fdec2fdebad6ebf38edf83d,0
8933,1272,0x92cd726ce03ceaa4bf7198ce9c52d05d63cee575,0
8934,1273,0x92d43d2f55e077d1bebc6e348a9f4ff64fd4f21a,0
8935,1274,0x92fa227d01dededae2a50b9da02413c48a872424,0
8936,1275,0x9327cb34984c3992ec1ea0eae98ccf80a74f95b9,0
8937,1276,0x934a0a1bfe01eeb4415689d8e66e56e3f1f13077,1
8938,1277,0x934f49fcf451a34026e3dfc3f26a1de01b83b509,0
8939,1278,0x93574d7c405717d80520944ee1cb72d327b01df5,0
8940,1279,0x9366876700ca6db41e244c6995770a518e043fa1,0
8941,1280,0x9386ff151225710c61747c7e314f317b6330453c,0
8942,1281,0x9399082f5b30a7ba6460f328b9885bc0cf81443d,0
8943,1282,0x93a036a4fb47f22989ec1d11b134bb177e66a6bd,0
8944,1283,0x93aebe50a59dfd4c1f7ed56f5177c6ced54a33af,1
8945,1284,0x93cf4d6de98478cf5b404304c45c8b4363bf10fb,0
8946,1285,0x93d8d5bb1f1e4822f3c614d9a09e7c5e3fabc13a,0
8947,1286,0x9404c08c6ae0cd5f1fdbc558c7a61d3d7bff07e6,0
8948,1287,0x943db403251105195f56ce69c7c48a6320475ab1,0
8949,1288,0x9441a81fb67f44ce7b31c311317e136e7067f8ca,0
8950,1289,0x944a3f5641d6faf7a6abde4ec31e40d0929955ed,0
8951,1290,0x94763846b1fcb75fccfcb51a9636ddc26af281b1,0
8952,1291,0x94b40ecc7b38f5a9316b03dac4fc663e4d10cd15,0
8953,1292,0x94d50168d9bc80cc39affbcba8232acd89f117a3,0
8954,1293,0x94d55b6f8b53903026399ab45294140eafbfbf44,0
8955,1294,0x94ff38c3e18bb715cd9061810942d16a587c6566,0
8956,1295,0x95115419b09e8cea70a9bdbca3fee8c5e118b228,1
8957,1296,0x951a15f920a58e553410d2436aacd1b3a15416fa,0
8958,1297,0x9546748f47a77408dfbff0dc22505b2e9a75fda4,0
8959,1298,0x955427a36b5c92edee90a1448bfc7e854e9caef5,1
8960,1299,0x956729a9e9b2ff42a30c8bd8fbe380b2c714825b,1
8961,1300,0x95c5db5bd9a0260fc457af4f6fc6de7819d9b1a6,0
8962,1301,0x95ffcdf36129e5e256190609cd97841d03e52356,0
8963,1302,0x960cf466795efc2d47cd37ad01bb43bfaaae3618,0
8964,1303,0x964a7c09e3db065ece947fdb7f90bf0068a6f98e,0
8965,1304,0x9653d4d2c71cf7f61ba53b92355874e07bb4a86c,0
8966,1305,0x9687c850cfbd3e0d3b7dbf56ee91365700e18b91,0
8967,1306,0x96ae446782c99e952f17626826c83bfdce53fae7,0
8968,1307,0x96c94575af5c6755123de2f2a9c4f7b62c43c511,0
8969,1308,0x973cc36eef960389b1dddce82a9f0663af61809b,0
8970,1309,0x976b3b64a42cf04d735583004c298aa4e62a913c,0
8971,1310,0x97b20481241fe3cb9cc9ba50609d377b2506cdaa,0
8972,1311,0x97b57ad033d354557bde36bd9a418e80d8d962bc,0
8973,1312,0x9806b7df4144efe7d11f349fb7ee8a964499d359,0
8974,1313,0x98198d7ecc42a3e18d3fc52957db46930cf1d2e8,1
8975,1314,0x9826cac2a9fc7dd43c6d3713694b20b036895be6,0
8976,1315,0x982f12f899a37759a3426165ece2224df21be241,0
8977,1316,0x9844f5c5f9aa7146a74ffc7b9227742acfa71dea,0
8978,1317,0x9849424a2f3516b70b56d70330c45c25dccb2c02,0
8979,1318,0x9852286460022e5151381361ba4271c7272cf966,0
8980,1319,0x988caa328c1f5f802c936dd1ae9e3da24729b687,0
8981,1320,0x98a630280447461ab2156919b0941ebdeae5bc41,0
8982,1321,0x98c29afea6f69b59ad1790ce2e0effc0bd38433f,0
8983,1322,0x98fd213b5b0105bb50a980d07ac6fbeee86e4535,0
8984,1323,0x995000b1f9429233a53f53f6475a3efdd8daed11,0
8985,1324,0x9951be5ac7daf77724a4f7443bef446f6184a377,0
8986,1325,0x9969de6d6cf15ff37ad56116fcc89efc4a04edff,0
8987,1326,0x997ad34840281d459251abdf9c90d9a8c6a6e01a,0
8988,1327,0x99947568fa087b633b0677fe4487873da4d43318,0
8989,1328,0x99bad2f2fe5856a02489440568d22fc8852deab5,0
8990,1329,0x99f93d05059f074e893ab369f71adb4569a3da12,1
8991,1330,0x9a27f038a711d84b4b5da0d3b96827e11b1de6db,0
8992,1331,0x9a4afeaecd8efe2a7186365b55e72503d555713b,0
8993,1332,0x9a4b3419f7e74ffaac61aa7ae8d345dc4b8f0758,0
8994,1333,0x9a827b3aa6dd9781e25dc7bb58de67b2fa721d16,0
8995,1334,0x9a88031270e35db9d3254bf66b92f64969d90440,0
8996,1335,0x9a95f2ca24d1dcb01048e0623f63f9d174237deb,0
8997,1336,0x9a9a91492a76ab7ef901e064d0548937b5c80a9c,0
8998,1337,0x9aa722c9b6e63325797e1b2f8ff6873e44dd17c1,0
8999,1338,0x9ac33de53e16b21250ba2418150fe07ce8c7e5e7,0
9000,1339,0x9acbafedd352644dace6bc666df884e69a8102ee,0
9001,1340,0x9aee620a4d7df8e0056fb2896528d0c63819390f,0
9002,1341,0x9afa0a129d164323965f3f5bdf5f348897c0a205,0
9003,1342,0x9b2d66562bea3eefec436df0fee88dd89cbe547b,0
9004,1343,0x9b398c9d1b4516b9c3ccbc4c6b6350702ed58c4d,0
9005,1344,0x9b521529d04329c2b0a9f9b7db18ed775c6ca8fc,0
9006,1345,0x9b6e8391f1d660141ea45ae9f28f247a9a862795,0
9007,1346,0x9baac782ea141718437a825704fc61802993c03a,0
9008,1347,0x9bd1ab6be3c0ed45bab095335f6d16f0ff18109c,0
9009,1348,0x9bd4d96126b89072de1db15be636d4309a223a18,0
9010,1349,0x9beb086842a6c61ad929995f7060e3ee2c4a94ce,1
9011,1350,0x9c29046a4178d15aa7be23e6b73ef0f2e429a9a1,0
9012,1351,0x9c3c750372e2dbc2f8f2e6c58edfa6e1d7e463fd,0
9013,1352,0x9cdfc5b0aca4527a0916412e9dbd6ad85556a49,1
9014,1353,0x9cdfc5b0aca4527a0916412e9dbd6ad85556a494,0
9015,1354,0x9d032989f82c0e40202ae5abd844ff68181544d2,0
9016,1355,0x9d03a3ad580cc2fb820349d3ff002fb2fc7a6b19,0
9017,1356,0x9d0b8447f16d6bc1de2b52d63e9c487bd778a91d,0
9018,1357,0x9d4b62503b4b7993182323effe6245f6d77e4413,0
9019,1358,0x9d748d8f305b54127c57752716b48f23364ac3cd,0
9020,1359,0x9d79aeece49694b01b2d2a44ba2c240de48959c9,0
9021,1360,0x9da01df0eeae50b30845a1cafb27e1f75887b887,0
9022,1361,0x9da5f88e2bd9c4da00fa30a2230117dc5ad2621e,0
9023,1362,0x9db99e73c52bcc353963022ac184a25e80f655bd,0
9024,1363,0x9dbb4976ff2836a6561da7e1e244bc862d2a1977,0
9025,1364,0x9dbf942be15c70c4e1fb8c0d1b53007377bcaa09,0
9026,1365,0x9e009c57b36ac7e3382697b4c9d3e7092a1cdb42,0
9027,1366,0x9e12d932c429107608a8ad0d65c60021a371f9c1,0
9028,1367,0x9e5a6b7a73c6b390aa418f5b4cd3a8f6d1572810,0
9029,1368,0x9e78d3aa219e4255d86a7b71fd10a5f6612c8739,0
9030,1369,0x9e9e3b124370c763d1a4e838069da3dfdbfca059,0
9031,1370,0x9eb041af96d44583110565abec79aedf22eb60b5,0
9032,1371,0x9ede16fd45a94c5be23a6ab09651b7e26ce171c3,0
9033,1372,0x9f4562c9be26c7020909b50ccde3447f1b8c4b21,0
9034,1373,0x9fd4351644ea4c47b127ef3e237476570c01884e,0
9035,1374,0x9fe0627303fe40f1631231b4dd016d30c13eafc7,0
9036,1375,0xa0157d54b87bab72ca5081794aa0b314639f46a9,0
9037,1376,0xa05554fa940043c7ba191b16cbbe404c3f898f48,1
9038,1377,0xa0a51563ca933ecdf030f84425def24ab8cc6733,0
9039,1378,0xa0c7d4f3fc7f8a46fb58990228d0b82a0354f371,0
9040,1379,0xa0d67bf1ae91b6b705abd4f695cc13edaacd0d02,0
9041,1380,0xa0db4acb24e92167341320fcd882bbfb641cd12d,1
9042,1381,0xa153a6ef80fb5d60de18688bdc82684d48fc8de1,1
9043,1382,0xa1b04a60a35854d0749ae39b0346bceb55247ecc,0
9044,1383,0xa1b70dc70fb74767cd380985cf93c4fb132fc4f7,0
9045,1384,0xa1ff3bc95d29c7dfccd60c2226697b9c9ac0a16b,0
9046,1385,0xa213344262535d3ea5efeaa7f7cf74e792da6258,0
9047,1386,0xa22270850fabde01e1f5c5879ea65dd82890af31,0
9048,1387,0xa2280ddc79183a0de9d3d90c63c0e7646874d9e0,0
9049,1388,0xa23203c466a57649b83687a3d9129d3ec427c50a,0
9050,1389,0xa2896b45f8bd313b777f1027724da1b5f2205a58,0
9051,1390,0xa2922ae30ff11c0fef6e250b3892a451bdd533f1,0
9052,1391,0xa2a3a8e4a1877da1c913df7591ac0d72f27d4510,0
9053,1392,0xa2a6ceadcb7db611f618ebabfe6de5763953b7c7,0
9054,1393,0xa2aec7e1e3c63fa266ca443d37dc88fd35a92d4a,0
9055,1394,0xa2b2339aee76a45edbc10ae515fbf23323901597,0
9056,1395,0xa2b9e771b124abc417884b3a112992bb70d7bdf1,0
9057,1396,0xa2c21da93fd14187af8804dbf135956d674480c3,0
9058,1397,0xa2c7736dddf5cf870896c96e3017a78bc7bb6ef0,0
9059,1398,0xa2e5ac16f76f7a151cf38e65469983e4abbefb9c,0
9060,1399,0xa2f11a7c5b68de825f35a47c5649cb1eafba77ac,0
9061,1400,0xa2f3fda8cf36b1aba1ca8b006d991d82211c7a38,0
9062,1401,0xa324120643dde9d520a06691010f086b12d5ca02,0
9063,1402,0xa3570c82d03bbf8c337799fe3f502729d3cf0dbc,0
9064,1403,0xa35e3534917e471540345733b8f23e7bad54681b,0
9065,1404,0xa36de942c9f605bd39eec89e5c17704e14dc28eb,0
9066,1405,0xa3bc42c2ccf7671bc73e71c2ea083dc3fc993585,0
9067,1406,0xa3c67d993bf73aa4f17ec03f900c865a4326cd7f,0
9068,1407,0xa3d120c2a03a58489f65d24880ff6b43d7a63235,0
9069,1408,0xa3e52a23060ccdfe186822b52bf60a07451e094e,0
9070,1409,0xa3ee246232ebd99ec9a07851116f9f67380c5e6f,0
9071,1410,0xa3efa3aeb27711b51b8bd12d8bf0885d4949f065,0
9072,1411,0xa402aa2aa7b203ffd0a3bb52ecabc4cef038cd30,0
9073,1412,0xa43d3805105922989e58a5188193c283fff471e7,0
9074,1413,0xa46311dc4d3bc52b66d45e74682042bb143a9aa3,0
9075,1414,0xa47879fc57ecd8b52bfe7cf61b9bb41b7ef84efc,0
9076,1415,0xa490730ce2a97ec9f81f08fdb0eede36d6319bbd,1
9077,1416,0xa49d41a87f33c1a7b6368c171298266bb193a08f,0
9078,1417,0xa4f06f1afb7b8589d1f4609257e5010c30ed3d2b,0
9079,1418,0xa4fcbc4a0508b11d5ef34d41d72020a5def1c712,0
9080,1419,0xa4fe2874a4ad464a50cb72a8c0b1a6ab221a7c17,0
9081,1420,0xa51960df18ca816b738a401ac310656fba0d52ef,0
9082,1421,0xa525dd7a8034babf46f3f6e253035fb2bcf358b7,0
9083,1422,0xa53577466e0ecae3bfc967332bb4739ff19eeb5f,0
9084,1423,0xa568d32db25a052a7887c401bb1cdffec5389201,0
9085,1424,0xa5712afa19d70bb5dd57b91c43fffcaaf077dc3d,0
9086,1425,0xa5797ea738abf85db7b3f2e04a4a40a5180044a8,0
9087,1426,0xa592f4891ff2d233c93b641af65069ed663295bc,0
9088,1427,0xa59fc1920284607dd1d95bcc43f821601faef7d3,0
9089,1428,0xa5b254aea2e59ab3ce3bec470fe1882403c41be0,1
9090,1429,0xa5e83199a7ecb6669064d492f15ddc096b6cbab8,0
9091,1430,0xa5e89fa321377b4136793db32fa6afe78a2bce3b,0
9092,1431,0xa61344257ed7c98b4690572e63797d75b0753f96,0
9093,1432,0xa61a87497e6553e3b1cf66c8b02fa392a0eff1e3,0
9094,1433,0xa62b5f23f4b3ddc20f879c3ff58d4b1ef2952d97,1
9095,1434,0xa62cb4bd9e69e9170a2d973aa3aece5a1215d41c,0
9096,1435,0xa636fafcf1bb16685af835c2674a7ff022bb67a6,0
9097,1436,0xa6626a8a85f2032930a25d278ae149191e3ba247,0
9098,1437,0xa676cc0708e115122fc2d8401435254d47dc38df,0
9099,1438,0xa69ea6ab7707c551eeae1d443e179318a9dc73ee,0
9100,1439,0xa6b60dd3be491aafe5aba8622b35c0ead608d3fd,0
9101,1440,0xa6ba0996684fcff6167128a13c8b0a1648310e6e,1
9102,1441,0xa6f2814c0020c38882e82d9bfde7b485a7297a1d,0
9103,1442,0xa7229e0de15d36a58a79ee61ab93744241ff001b,0
9104,1443,0xa746d613d9b3a267ad470e5ce980dbc12473247c,0
9105,1444,0xa7886aa3b1d05b72c88dd467d5ada7809f419566,0
9106,1445,0xa78959e1568448a3cf866968872431e710458552,0
9107,1446,0xa7a020ae798a0a026c57ed6cbe48b21d3dbbec5b,0
9108,1447,0xa7be709f13d9b0283fb43211c85bbb12b7273e9a,0
9109,1448,0xa7ce02b8195fe8e3116a7e1248f2725eaac86fec,0
9110,1449,0xa7fa566ef4f221737a7c89c3600f1e456c7d6604,0
9111,1450,0xa815748bc376d0014797031941ffaa5c61377735,0
9112,1451,0xa82c7c0ef05080463e4ac55db8b8531007f3a66c,0
9113,1452,0xa82e2b7ee7c92d6062db14de092a4838a816b1f0,0
9114,1453,0xa8454096f4a18e0252b411f670b3dd9d21465e75,0
9115,1454,0xa84ca974907191b149e7e5b07152a771b20df30e,0
9116,1455,0xa87149fc85936e6807222fb211162d5be440a930,0
9117,1456,0xa8a6497978c264d7ce268d826a834c1d7134d914,0
9118,1457,0xa8afa9a714e06b9eb1b500617494ac213f2d428a,0
9119,1458,0xa8b3c9c2a45d68eb435b5f3ef6712fa50cdbd996,0
9120,1459,0xa8cf72c86c3139e5fcd98f42586ef5596bbad182,0
9121,1460,0xa8eb559eeb38c6cb6a8bc6c39badd86b113cd875,0
9122,1461,0xa902a214fdc137cf9dbc6d455d02e6e4ea2aca36,0
9123,1462,0xa9072b454364d1e767f8cc006eb53ff59bc95587,0
9124,1463,0xa95171e49a7e187585c0d5cde0c209b76a5fd220,1
9125,1464,0xa95391c51788f884beca472bf71cdb000a2eed65,0
9126,1465,0xa9a53dcd4c6bc74ae56cc52ce48390d85be98c80,0
9127,1466,0xa9ec9789c80ee9dce8840f114112c6badc1ecfda,0
9128,1467,0xaa1886de3f70a3ef502ea1379a311c5b4e05f3fd,0
9129,1468,0xaa2498d85ba7559006f90110a4bc33c10a06c1af,0
9130,1469,0xaa60f2b7e7cd32cc31620c3a5d10a79e6f2f5cf6,0
9131,1470,0xaa90ae1b969bc96e82c80e834b5f739e335b7e47,0
9132,1471,0xaa9455da13ba39f5d4e6275337c3d5600cb0f5b4,0
9133,1472,0xaaaa3b6d0b72ade31a99c933a8bf737a4e904527,0
9134,1473,0xaab92ead3017703f7f9f3f7ff71f623cd7a8d164,0
9135,1474,0xaac6020b6216be72af7b3c322dd27cea257276b3,0
9136,1475,0xab1c30cd2d9964b3b845ef744e2e4043739430e5,0
9137,1476,0xab215957873deadd9512fbde29e6c12bea1dd1a1,0
9138,1477,0xab486933bc2e24580080b9e97c2abcd493c0a136,0
9139,1478,0xab5fd091c56a9b801e945a902e986e894e4f407d,0
9140,1479,0xab7ec7596fc05bc55afc07008cc06c1193ed6f9a,0
9141,1480,0xaba49b563feed7f617ae2fcff86c3a6e8821c387,1
9142,1481,0xaba9897c9422b1c30733169d3da7ff83d7f23044,0
9143,1482,0xabbd5f7d4de3c91706c73fd7d09b9ec3ed9ca697,0
